0.7787595493432639,0.5318613825859212,0.2304590045200133,0,0.8693002025106996,0.813724584931555,0.712796495938791,0.9176527371378961,0.8909716832179158,0.8645950480590386,0,0.8376477585688391,0.6755464027061446,0.5445305806895678,0,0.05023721088620341,0.6491705912234267,0,0.361010901252217,0.317765234105975,0.9856706449004133,0,0.8457521952616959,0.5737062126192416,0.4952452393716661,0.9677791892805772,0.8506042420946374,0.9145778423571022,0,0.2584492248667479,0,0.2921975423868502,0.2580839198437694,0,0,0,0.9459154678561996,0.6553666787144491,0,0.006188759148637191,0,0.6994208582713757,0,0.4267708117700217,0,0.1584539311668913,0,0,0.6261680344946494,0.1401019565701072,0.2830365767379763,0,0,0,0,0.9132317872649774,0.495426888612635,0,0,0,0.6139218525204382,0.3270837364120753,0,0,0,0,0.3578300910868314,0,0,0,0,0.0417406238738796,0,0,0,0.9770639662448666,0.6677398763659002,0.06407662713744748,0.7399327761030325,0,0,0.02354048563366977,0,0.7099013629326023,0.9205205092340961,0.2758185059146092,0,0,0,0,0.01559168524737746,0,0,0.3589516926159182,0,0.6989237640780115,0.669692715046879,0,0.06053322872804438,0
0,0,0.2266635880205438,0,0,0.2694111136148989,0.2687063188496165,0,0.107461645085645,0,0.439041444387183,0,0,0,0.1596006856265518,0,0,0,0,0,0.7370985263583739,0.5146435977320027,0.9327555442344814,0,0.06661670023255077,0.6433484348694939,0,0,0,0.9067238687838648,0,0,0.08679167270049996,0,0.2064230448063616,0.1089921989482586,0.05528276863604735,0.6208394862685556,0,0.08398376855586114,0,0.6268001881950093,0.3392867562592455,0,0,0.009530409573639643,0,0.9301483586378479,0,0,0.01070915112306685,0.2827319846771012,0,0,0,0,0,0.04352380538053462,0,0.3456258206497961,0,0.168669494640899,0,0.974551189427116,0,0,0.9271846618027695,0.9989665596624528,0,0.2363104368528154,0.571164505043587,0.0002394534035839335,0.1761797109148119,0.01470346046111752,0.8573137734671382,0,0,0,0.3140131688007881,0,0,0.9113907365513639,0,0,0,0.6626111789669134,0,0.6948755824472048,0,0.2303677944889174,0.2567691227796274,0.6415718183645014,0.2094858808595746,0.5798222426945334,0,0,0.8173064525761267,0,0,0.496103147314249
0.09158630117164528,0,0,0,0,0,0,0,0,0,0.01218783946611084,0.3384650758422899,0.1035397312687188,0.3311536993430862,0,0.1496516104553902,0,0,0,0.129821655583176,0,0.262571903465578,0,0,0.1076848980230523,0.4687676550556615,0.7067713469845527,0.3826420835897292,0,0.147808129174804,0.3413081096808472,0,0,0.2534962738717365,0,0.7236694581080171,0,0.4822551635466024,0.1207514245163626,0,0.7092093294712589,0,0,0.5384748114927842,0,0.439337364182466,0,0,0.8048301415810891,0.169285724945978,0.3081081528146737,0.8923054221624571,0.6856978811975424,0.5090249888495164,0,0.71477779492263,0.8475020718593762,0,0.9198042059435768,0,0.6183882752314469,0.07413002394206318,0,0.4734706717573389,0.8618002995763245,0,0.3949927701461176,0,0.2006720828732911,0.5852257621342408,0.435372903863976,0.3973213482376499,0.2181734013167279,0,0.3576535791279247,0,0,0.665586706913465,0.8867795192717387,0.3345919228563948,0.9343921783637373,0.1468961950110674,0,0.8086745138674818,0,0.2497167288622595,0,0,0.05741126366148978,0,0,0,0.9968681789446306,0,0,0.5149952346352933,0,0.4247811054403178,0,0
0.9116561152065987,0,0,0.1558074587234483,0,0.8999701615340868,0,0,0.3428779381773213,0,0.10511423948472,0,0.9340304223281339,0,0,0.2303718358551387,0,0,0,0,0.8285732930125985,0,0.8500954192581531,0,0,0.5470375816977633,0.2713119507430037,0.08568832828721611,0.3412608985385808,0,0,0.5327870224490809,0.05475153255339198,0,0.9319015548840566,0,0,0,0,0,0.2074431659328725,0,0,0.3935731073801446,0,0,0,0.5787895914082246,0,0.09437631505763737,0,0,0,0,0,0.5903782154106099,0.3912225321091398,0,0,0,0.08631598872372552,0,0.7541214072311001,0.8496226009432631,0,0,0,0,0,0,0,0.8733084517946126,0,0,0.8403672286950833,0.4259097495482347,0,0,0.8820380644140915,0,0,0,0,0,0,0.6381407024922233,0.1206945236607662,0,0.4538788635621033,0.7907184486407828,0,0,0.3363811260958108,0.6665743549977665,0.004914122976159163,0,0,0,0,0.7282409264365983
0,0,0.5390744269027876,0,0,0.9719094898987531,0.2856928475849139,0.4973319308016634,0,0,0.9956111227021079,0,0,0.3690987426977608,0.5683783894108829,0.2325856832753574,0.5994488005663857,0.695369180907876,0.7170015284269873,0.5588248724972013,0,0,0,0,0.8294139405513226,0,0,0,0,0,0,0,0.04065144183892393,0.8559272430246391,0,0.67890690604364,0.6904262641406332,0,0,0.03046173004890289,0,0,0.3027397872615344,0,0.9421069297059311,0,0.7257199360954163,0.6911637899279791,0.8282835238971767,0,0,0,0.5649586974929948,0.7707485522762886,0,0,0,0,0,0.0005744477026753847,0.01520442364547374,0,0.5827626913482069,0,0,0.5573358356478523,0,0,0.8385725256879123,0.1817812131375697,0.7246935443989143,0,0,0.41968987391982,0,0.7767911574837185,0.4211584012328379,0,0.3724871651650161,0.03150660791801423,0,0.569067650729036,0,0,0,0,0,0,0,0,0,0.5086795838496416,0.6403506112299241,0.894434012040018,0,0,0.324208358313922,0.6010340584751477,0.732965483603105,0
0,0,0.5176004401493908,0.2697213390906485,0,0,0.8903585061079983,0,0.1911496326735032,0,0,0,0,0,0,0,0.09919107391482711,0,0,0.9943069438668346,0,0,0,0,0.4135427249126052,0,0,0.3622862359541382,0.5893100238982233,0.8390829750336505,0.322320318677581,0.8598233802592061,0,0.575821777387945,0,0.8525334736801066,0.6241824677426709,0,0,0.1481347099711418,0,0,0.6792573544676725,0,0.2232135219962795,0.4908805258051274,0,0,0,0,0,0.443665492707571,0.8461633428447978,0,0.2816784763153502,0,0.02251140373682863,0.8888975692671209,0,0,0.5883334330856332,0.947135426473268,0,0,0.5672250658517879,0,0,0.3232465006803063,0,0,0,0,0,0.2932217469541034,0,0,0,0,0,0.6690540455457545,0.7975142738337617,0.8468032197663394,0,0,0,0.1608240281246199,0,0,0,0.6411389938002985,0.9839029541868742,0.5089712754231742,0.9740653056922365,0.562002055649824,0,0,0.9752859689978535,0.5633424298718623,0,0
0,0.5151294328696141,0.467354998532812,0,0.2442757258552917,0.06587631651412633,0,0.456076169358469,0.0833864948150768,0,0.4037131324085553,0.1575420943196581,0.5753236511233112,0,0.6842671675653275,0,0.7977923343258776,0.1353199794311128,0,0.05951320533802211,0.7026979197712272,0,0,0,0.7804064779015963,0.6148190572559754,0.3412926358555852,0,0,0.3926274984930672,0.02821001873949207,0,0,0,0.7195549089044252,0,0.4722492479612883,0,0,0,0.7666507355027484,0,0,0,0.8691963826461381,0.7060775777188446,0,0,0,0,0.7933377818720531,0,0.8046196353048802,0.1804471965611635,0.6211137728882454,0,0,0,0,0,0,0,0.3003445428049304,0,0,0,0,0,0,0.2978771904032158,0.846744648731147,0,0,0,0.3498300699013366,0.9537692173256,0,0.2775668191596036,0.7538248304310996,0,0,0,0,0.7581772026511184,0.4834426090680515,0,0,0.4504897008567776,0.2467108100397384,0.3697222777742795,0.9180566298185607,0,0,0.6133353227618924,0,0,0,0.7941883106860191,0,0.06256677330922104
0,0.06798342321419386,0,0,0,0.3616828302661187,0,0.5566707139648792,0,0.6601687185058438,0.8022487001853975,0.5528112044279359,0,0.6813701510328714,0,0.7143371166154578,0.6559495372781021,0,0.6538184449798131,0,0.6155516230715908,0.642438124012835,0,0,0,0.1738286992651766,0.3890067127245554,0.24737960609065,0.1722401810217956,0.5647385222765517,0.3380311360815136,0,0.038022839509869,0.2402510166238433,0.1868155132902453,0,0,0.03275697156494754,0.3268371728133454,0.9872540930427349,0,0,0.7342184897905236,0,0,0.9551883511406043,0,0,0.1895870827833304,0,0,0,0,0,0.05424385031602023,0,0.1774542113691451,0,0.04448720195326998,0,0.4031216502576406,0.8976502825557071,0,0,0,0.2518080165471133,0.2645948191953754,0,0,0,0.624696182710745,0.4065331189074188,0,0.9211826124474957,0.8851620445655052,0.8396639226506678,0.6672637923140529,0.3954993491546804,0,0,0,0,0,0,0,0,0,0,0.5602946178094074,0.454908814041517,0.4451495506210056,0,0,0,0,0,0.1779729731122207,0.07724109164935782,0,0.467532669695853
0,0,0,0,0.3943464844212,0,0.896900184439688,0,0.3581230341435539,0.2727628124383668,0.7208818163700687,0,0,0,0.9261255323227271,0,0,0,0.9246880438914865,0,0.3232952396382301,0,0,0,0,0,0.4858281192646864,0,0,0.4032961298197676,0,0.6201806284058138,0,0,0.422001193285806,0.354147589343093,0.926682142798028,0,0,0,0,0.4060117454807149,0.6343334420902436,0.7151341764590144,0.7940683129673053,0,0.9763246052786556,0,0,0.4980914280408168,0,0.3215740626757819,0.879674528627186,0,0,0.800064789399144,0,0,0.7658842603354509,0.3743202325140592,0,0,0,0.5844580729656733,0,0,0.7296525731693881,0,0,0,0.2644034896182365,0,0,0,0.3704206640823979,0.1149989965248979,0.9680714866659051,0.7703274856211648,0,0.1825483863607071,0,0,0.92776950824699,0,0.2176565643572299,0.4442615806027675,0,0,0,0,0.706991532637382,0,0.1145338862036361,0.7328505826742006,0,0,0.7192756621088423,0.3864149277371641,0,0.3018405358598464
0.7561670788989133,0,0.3183817456258228,0,0.6478993069432617,0,0.3813619493547483,0.721446045635726,0.1260247487951106,0.06763566097106936,0.07399208436746378,0,0,0.5531459229988266,0,0,0.5319812355380706,0,0.1657603343736103,0,0.487585146214052,0.03202719800273394,0,0,0,0.309950855809865,0,0,0.543237028232022,0.4583883082703965,0.8545370762065037,0,0.5772067270205102,0,0.8041063867915005,0.4003072796078121,0,0,0,0,0.06061907748070532,0,0,0.8358889386688473,0,0.3467965586184413,0,0,0,0.9514249563619309,0.4386604433525561,0.8847455101963032,0,0.8916373889105812,0.8171446428170557,0.7218407461574167,0.7972043568365883,0.3097139632422078,0.6229376398071588,0,0,0.1610052799578279,0.1559606454752434,0.2335652424082399,0.001896794556955839,0.9310664014524549,0,0,0,0,0,0,0,0.06503331097337443,0,0.2652680782607389,0.6628473418822204,0,0.2633840744181818,0,0.7548959896317461,0.6068490588262545,0,0.5763837514534839,0.8804326229777689,0,0,0.4152411657941606,0,0.8591155740291345,0,0,0,0.1754901765846675,0.6217620813214437,0,0,0,0.08227316724371951,0.3183004940170354
0.7757333338333341,0,0,0.6718346125367236,0.6582815424817808,0,0,0.7937055654799379,0,0,0,0.08671576178310518,0,0,0.3428516723960761,0,0,0,0.7718698568174363,0,0,0.6267805850198236,0,0,0.4527404792649523,0.9255309317995178,0.8474046980422381,0,0.09534640331673987,0,0,0.4105086880149171,0.1734831971129936,0.2535710571108649,0.2945794107875611,0.4764257760795919,0,0.04533254067644514,0.5382047617254324,0,0,0.456351388615137,0,0,0,0.6801194978139957,0,0.03468307304620515,0.6940713945948018,0,0,0,0.2316628931146537,0,0.2970531050737812,0.7480041422103882,0,0,0,0,0,0,0.8535694365880289,0,0.8295368567662574,0,0.5992611677235632,0,0,0.1918459735901414,0,0,0.006734121145091909,0,0,0,0,0.3200396295381971,0,0,0,0,0,0.7117585771148736,0,0.7072144370882966,0,0,0.2155007419466828,0,0,0,0,0,0.3203256413088593,0,0,0,0,0.6545256404981675
0,0,0.1210751096348266,0,0.2387564004900728,0.7286650341635975,0.03571180358134278,0,0.4938680816851888,0,0.9405862982303547,0,0.7724456386323774,0,0,0,0,0.02492010575923358,0.07380098813867446,0.2157823412719882,0.6322231255133673,0.1039081218632518,0,0,0.1460697979570052,0.01138089870936225,0,0.5684558814793608,0,0.8583706420399204,0,0.6301833649264545,0,0,0,0.8360048564883923,0,0.08439031271291135,0,0,0,0.5555007102785426,0.9677982061104395,0,0.06911092580895188,0,0.07017502848537664,0.8708124639033832,0.2749503146231976,0,0,0.09935994940859809,0.6444540880133365,0,0,0,0,0.4076427688751799,0.3305858487247,0,0.802365566436071,0,0,0,0.9081742099342757,0,0.71078027087888,0.8990234890862728,0.2924618475625796,0.8525223008761723,0,0,0,0.02628476750302482,0.488298489955126,0.4211131578502498,0,0.680495049553647,0,0,0.8043239717059719,0,0,0,0,0.4209482085171767,0,0.3107245111146839,0,0,0.9574153690526441,0,0.4216419257343334,0,0,0,0.01004341888833553,0.4045166359083865,0,0.8675355527873362
0,0.02330014775429805,0.9830674936688744,0.8448823465513833,0,0,0,0,0.01233657183702024,0.1922578773616172,0,0.1088445834631285,0.2161681239679225,0.4532009781887159,0,0,0,0.2562914933308202,0.4475428739206512,0.1744280805964878,0.05140420916780579,0,0,0.6197480099313553,0,0,0.88177331001743,0,0,0,0.8402898891940405,0,0.6768181182649,0.655762626179671,0,0,0.02710494553398239,0,0,0.8233800086091978,0,0.4930190556559101,0,0,0,0.3512888635353426,0,0.2075256810999346,0,0,0,0.4822339973521644,0.3146304607939232,0.09223504165122125,0,0,0.1793336917822393,0,0,0,0,0.09427590528033274,0,0.2046908353730147,0,0,0.04577541802995259,0.6866410161827937,0,0,0,0,0,0.6110292448399626,0.05264726166314397,0.3860310352220056,0,0.9201850607773642,0,0.03430501390236711,0.01679952899036545,0,0,0,0.390333015450626,0,0.2247950680115544,0.5322352908135864,0.9058254728871287,0.746999219164513,0,0,0.6934603813415313,0.04070062056332095,0.2408832501861187,0,0,0,0.107388511501658,0
0,0,0,0,0,0,0,0,0.4120421179607072,0,0.5093984983762393,0,0,0.5789336902302084,0.4406406718017877,0.5220818337786532,0.6306547866457963,0,0,0,0.681570420326059,0.8383199674388119,0.8062339800532432,0,0,0.8504173372431328,0,0,0,0,0.5175135373958887,0,0,0.2379417963939777,0,0.5690475338067198,0,0.4699147490540359,0,0,0,0,0,0,0,0,0.4275725271448909,0,0.3082730451983792,0.9845846148823469,0.2406407692298491,0,0.07848126289128847,0,0.7003623814860762,0,0.8993353267383413,0,0.6265353879848526,0,0.3246823266709045,0,0,0,0,0.06603150472041323,0.2790936103246912,0,0,0.9328077537946516,0,0.1234668116988036,0,0,0.4911591199295818,0,0.5260991165731751,0,0,0.8356904590871994,0,0,0,0.5110897430768279,0,0.2965123251409557,0,0,0,0,0,0,0.3461567470676629,0,0.1321517731387423,0,0,0,0,0
0,0.1631896346781506,0,0,0.7198414210182881,0.8279124023879559,0.2464449053472034,0.6516924289684536,0,0,0.08231920467577984,0.498569933373629,0,0.2237421517257238,0.3016093667735258,0,0,0.6644793284570646,0,0,0.3335607027363074,0,0,0.7010394001879747,0,0.7852435546930397,0.3720263000086154,0.6986701921510892,0,0.5926169274761941,0.356864867123491,0.526765522823337,0,0,0.6456670431184844,0,0.8432982292036966,0,0.3133692052461493,0.5476356797573465,0,0.3947866752720695,0,0.5089449350523632,0,0.7050051094641828,0.7658340909618929,0.7639549367692016,0,0,0.7758464780929182,0.7820797629283559,0,0,0,0.2623024764148171,0.821899271372566,0.9931053988397691,0.01116200307634478,0.8422177174096857,0,0,0.341785243003529,0.8617244844156876,0,0.9391788041085684,0,0,0,0.4945599568053383,0,0,0.8525366257437249,0,0.2339426794272094,0.2907171467031569,0,0,0,0,0.1860610360963681,0,0.4096691113867908,0.4478572754434162,0.8948488038064389,0.3767193527997504,0,0.726950300923861,0,0,0.03545037966080437,0,0,0,0.2426014493681504,0.6260297361214016,0.1818126748894526,0.8662132151233274,0.07805747474856188,0
0.4131928015200866,0.1721769138214211,0,0.5096705321246647,0,0.8144005294776349,0,0.1426012884073422,0.04918432851327263,0.8506401170498435,0.7265044033209888,0.8948029844387007,0.6819982081227877,0.7119835810913682,0.2260909761367827,0,0,0.189636242664508,0,0,0,0,0,0,0.6825338517369109,0.4060743549216495,0.7388616087148157,0,0,0,0,0.5315607892483256,0,0.2686369978178711,0.9937513031670737,0,0,0.942366052491649,0.4230904404143547,0,0,0,0,0,0,0,0,0,0.1846533129940227,0.9260552232398896,0.994934134921871,0.9935433010012384,0,0.8362190879353979,0,0,0,0,0,0.3167575741072541,0.09142617956428382,0,0.1484814056285849,0.7681532700562848,0.866816290760179,0.2889427758904726,0,0,0,0.01736378799867948,0,0.03919775564626519,0,0,0,0,0,0,0.964700153689049,0,0.7079443760961656,0,0,0.9405076646682703,0.271125052657439,0.167679465188527,0.6940381856597154,0,0.6694506706889626,0,0.6338429228585858,0.2617485568998149,0,0.5524890071806401,0,0.8720941281454235,0,0,0,0
0.01199914522767214,0,0.7226022501056851,0,0,0.2987453591852696,0,0,0,0.5269162229582109,0.6656632233930458,0,0,0,0.245588486295208,0.2087228725144154,0.8646758708378235,0,0,0,0,0,0.8334457504037187,0.1478191865410237,0.5766608625094172,0,0,0.1592857737815783,0.6958247563606876,0,0.889390965151222,0,0,0.3477476888402274,0.470058232302463,0.03460808459244173,0.5886813025632691,0.4428113473050805,0,0.8049129155326104,0.3825105800084381,0.7050610966736842,0.8269616493290775,0.9502045862662329,0.7658129991980885,0,0,0,0.543707082665394,0.9862206029859489,0,0.6768609621149384,0,0,0,0.978166524271339,0,0,0.4787603909347498,0.1732736106812925,0.5131968435306522,0,0.3474392234637496,0,0,0,0.8358958364993012,0,0.04230311877982788,0.6848829188525821,0.2468522541288323,0,0,0.358359339417627,0,0.2291704182820396,0,0,0.9179568847907779,0,0.53323385552138,0,0,0,0,0,0.3975583432751583,0.2906228456487184,0.5439255203423784,0,0.1767420550717356,0.5331057793110739,0.7640177468745691,0.03110404999988397,0,0.3717456944306464,0.3603627438927292,0.1008480677075568,0,0
0,0,0.4968228999070075,0,0.4194456635313047,0.02817165313762742,0,0,0.7479308160912969,0.1634640503189876,0,0,0.3751495536527472,0,0.002314125675080092,0,0.8924162812019358,0,0,0,0,0,0.1428867607670232,0,0.8265732493027221,0,0.927044934690443,0.519365690710162,0.2305779275224323,0,0.5957625686472479,0,0,0,0.07780789391528679,0,0,0,0,0.8887733739007084,0,0,0.007049282188960548,0.8644590819995481,0,0,0.887169668570212,0,0,0,0.5762573511142886,0,0.2831301067728341,0,0.3986747963568897,0,0,0.4505593673070586,0.08611322366261913,0,0,0,0.558922121896725,0,0.4641644294636247,0.8536133699142545,0,0.6335407163210217,0,0,0.2530666851205358,0,0,0.6730824584412922,0,0,0,0.5601524425023385,0,0,0.8997851072722044,0,0,0,0,0,0,0,0.8349877328366743,0.6574971355277356,0,0,0,0,0.07776337825834716,0.9846838363638601,0.8625001922397948,0,0.804262605976623,0.06102081628574289
0.6760894399811187,0.7764034910579346,0.2951541092447917,0,0,0,0,0,0,0.7238768273446851,0.7423947918170308,0,0.4443418900198122,0.07928255419284795,0,0.0820208167924789,0.3137207397277343,0,0.897303976543079,0,0,0.4585324766069503,0,0,0,0,0,0,0.9065991434376738,0,0,0,0.3029686633398459,0,0.3229496334307839,0,0.4627425552114383,0,0,0.267041426960786,0.5726458899602564,0.134828478246901,0,0.6847202620728334,0,0,0.2273314387446656,0,0,0.6795192620933213,0,0,0.9288636782257557,0,0.5849483985594659,0,0.0448913856482394,0.5304945815291651,0,0,0.9680745031369816,0,0.1208308116277454,0,0.04256173180967109,0.1113827276590623,0,0.4434548039548179,0.3719269099682128,0.1850357509987839,0,0,0,0,0,0,0,0,0,0,0.06446854995728361,0.5155722082356138,0.08509377229027963,0,0.3382967272904148,0.8630736318564541,0,0.5579106186720588,0.8138969823777277,0.4842336868641785,0,0,0,0,0,0,0.06866775492260817,0.5167943750565548,0.8285869510190363,0
0,0.3312444294081701,0,0,0.9326325486219609,0,0.4655985048071586,0.3127046075011806,0.5181685233298009,0.467037294225115,0.6870092274750609,0,0.6963187161677611,0,0,0.2216258603928886,0,0,0,0.5779167892126574,0,0.2619929137177534,0.3200099391921883,0,0,0,0,0,0,0.8824979693360475,0.6797357518854374,0,0.5655965974455458,0,0,0,0.3468689634224398,0,0,0,0.3627472471969375,0.02174693020810397,0,0,0,0,0.1250613136744013,0,0,0,0,0,0.5977653650881612,0,0,0,0.1639937756035564,0,0,0.9151554032187531,0,0,0.7601380065997276,0,0,0,0,0,0.7171105388538809,0,0.1211887735761296,0.8589386148530972,0,0.3532743997429512,0.8230035777600083,0,0,0.9249989101981969,0,0.6136105338763943,0,0.9544483755575336,0.07458717143933084,0,0,0,0,0.9103556729290078,0,0,0,0.5128867635713381,0,0,0.4880769866929488,0.03774450345071682,0.7653248506568603,0.7785916802266046,0.095601741836344,0.3071517845624235
0.4761661659175804,0.6272910174118412,0,0.9918338691195934,0,0,0,0,0,0.4832070177455864,0.4459658422182254,0,0.7940651985707123,0,0.5979770645179673,0,0.6406050028094492,0,0.9291617937887234,0,0,0,0.06080827300235229,0.6733615392183169,0.4244647305067804,0.7111650040985682,0,0,0.9899986624771975,0,0.9892350503956742,0.0200430619381851,0.3806249422243307,0,0,0.5513233169354601,0.424708507877642,0.9014437602511194,0.06003673977781381,0,0,0.1604767968389886,0,0,0,0,0.2308729367437239,0.3470882662672271,0,0.4101518837829133,0,0.449374765909238,0.3004970136804082,0.6119595337214002,0.9610813368934533,0,0.008034119280812147,0.9122223667527719,0,0,0.3855981891337387,0.9740335328818676,0.9563776800799705,0.3917316077838355,0.3415114678242121,0,0.4180953052534733,0.6044458593028044,0.2841892562835278,0,0.893642807193845,0,0.9723855499104102,0.1953392615596559,0,0.4205666339417405,0,0,0,0,0,0,0,0,0.2756134021145172,0,0.04710003243201603,0,0.2483031705554337,0,0,0,0,0,0.308373864380965,0,0,0.6125852118258923,0,0.3579732594034861
0.7608147722405489,0.008512821780820624,0,0.917723873262782,0.2012526074608404,0,0,0.03650742303493119,0,0.395956966930379,0,0.4852624895315288,0,0,0,0,0,0,0,0.8183491429474098,0.9879560242901839,0,0.1820866796519875,0,0.6988432489825769,0,0.02159250773217563,0.2857923755953597,0.7018790092346604,0.4049264102097367,0,0,0.6313384501361775,0.6530257027686462,0.9864846548631798,0.415209486301423,0,0.5765819418249404,0.3706494056288294,0.319187253789748,0,0,0.8559633012214849,0,0,0,0,0.8636693496959469,0.9508651948089281,0.9307222210325304,0.8057096244371156,0,0.8571899370034218,0,0,0.6439605530471894,0.961221635340074,0.07074976976236684,0.1008323027933254,0,0,0.9803995468499547,0.3948746630317213,0,0.1745346248138731,0,0.3244867198125982,0.3254323346285654,0.02837055205119015,0,0.9506867553360975,0,0.206551659426956,0.5148689991370382,0,0.6316267983765699,0,0.6596783293369053,0,0.04949200456784379,0,0,0.4226653265061839,0,0,0,0,0.9503699598416609,0.05361126756984662,0.1930652691367148,0.441144437128635,0,0,0.7947795970344546,0.0009943724783099573,0,0,0,0.4566652448946213,0
0.1342001582207961,0.1751286081662585,0.7322470438122527,0.1395977495488007,0.1783496870956704,0,0,0.3663074685661117,0,0,0,0,0,0.2640877319113736,0,0,0.8491380791704898,0,0,0,0.6804401741428919,0.8374169142333243,0,0,0,0,0,0.3923576818488039,0,0.8572139646085178,0.4875359107308098,0.2362579832910554,0.7872528091127627,0,0,0.4752360544803423,0.4999078355281087,0,0.7196075480329175,0.9020761515474629,0,0,0,0.4002310238846555,0.358463226722458,0,0,0,0.9401309333658072,0,0.7042596760251524,0.04157755365472431,0,0.8796140322909773,0,0,0,0,0,0,0,0.3117511269377919,0.936453627933723,0,0.2374446023227736,0,0.7056862131837554,0.8705021436822132,0,0,0,0,0.8639669903304393,0,0,0,0,0,0,0,0,0,0,0,0,0,0,0,0.683092539942981,0.5821442041975355,0,0.6050785598663126,0,0,0.8821684583532498,0,0,0.1820905771897632,0.9774407634305194,0.1370039551346444
0.4105075055981699,0,0,0,0,0,0,0.4053477621123757,0.7481874914439047,0.1786538137147306,0,0.804514941434894,0,0,0,0.09885727692686923,0,0.2205083898165975,0.849288426078981,0.4553827493933217,0.3440808902467439,0,0,0.4550544670607257,0,0.4336644066251118,0,0,0,0.6018447652646889,0.1555781745070688,0,0,0.367034653108829,0,0.4059973862174194,0.4932478567607925,0.6284078523151858,0.8309702328984114,0,0.03081617808583419,0.8981091205454278,0,0,0,0,0,0.4501870924218601,0,0.01222625200496057,0,0,0.4861978246142277,0.413694340073298,0.6744754254023887,0,0,0,0.4382368515053877,0,0,0,0.6615194283331947,0,0,0,0.7315046543864309,0,0,0,0,0.6938230349696672,0,0.5348513659113309,0,0.7730102108839575,0.9155701444402101,0,0.5968867234855384,0.08133403846423208,0,0.3608837397781179,0.6811461437961848,0,0.9549068110761989,0,0,0,0.6399092571827586,0,0,0.9410898467206276,0,0.5222457311094142,0,0.2548366096003421,0,0,0,0.3583816202343194
0,0,0.281047523210216,0,0,0.7127427476454068,0,0.7104038131284913,0.110903290033397,0.2843497964735877,0.2302614696322866,0,0,0.5875082816574926,0.6418268406984777,0.1007897821336558,0.2540103116070174,0,0,0,0,0,0,0,0.5915673525814464,0.1803679818787315,0,0.9239503421570998,0.4332518734215575,0,0,0,0,0,0,0.296240423696106,0.1746894897023354,0,0,0,0.1208791359660128,0.6108057515319762,0,0.7673972509148771,0.5628115265703368,0,0,0,0,0.950445158170995,0,0,0,0,0,0,0,0,0.8942367474224286,0.137520913373186,0.7195742709600389,0,0.4801720689157123,0.2704025363397302,0,0,0,0,0,0,0.3490075646835581,0,0.8947794059434235,0.1162789876589631,0.9683976589182538,0,0.5651920900020078,0,0,0,0.4843646753437293,0.5162643604004947,0,0.1390217506674827,0,0.6533300278991411,0.6558454445927228,0,0,0,0,0.02456179787282447,0,0,0.6543169551011521,0,0.6302586450164464,0,0,0
0,0,0,0,0,0,0.2123093920113888,0,0,0.0824659938064614,0.3695837167853607,0.3915993700861038,0.7299873945085444,0.4985993880784597,0,0.2379604658662582,0.08108774460313133,0,0.9297154654605847,0,0,0,0,0.5918515306482964,0,0,0.04744513984856306,0,0,0.4436131222326158,0,0.4559987589309194,0,0,0,0,0,0,0,0,0,0,0,0,0.7670751621981584,0,0.7038281708805038,0,0,0,0.5407757735969112,0,0,0,0,0,0,0,0.03100669035981312,0.1757070104039483,0.8124711760794026,0,0.9722544099683929,0,0,0.4240194988972247,0,0,0,0,0.2606139666061854,0.3456523089845824,0.7053345418808694,0,0.3827508523666693,0,0.6432930311730822,0.6370553215371415,0.5968538753411996,0,0,0,0,0,0,0.5879296049994782,0.5104597311076631,0.6580842129637077,0.1476659696598486,0,0.1585430595342558,0,0.2002906350191415,0,0.8860175651910068,0,0,0,0.5260795901555523,0
0,0,0.05231585741422422,0.7122518544673281,0.8520527431046759,0,0.524571577162651,0.3277254001063993,0,0.01735791300619676,0.9109480704526673,0.02322432703638038,0.6386537168798604,0.3464092083080413,0.7800844106769486,0,0,0,0,0,0,0,0,0.5610393847057594,0,0.2276726925405604,0,0,0.9184990882931949,0.8645238760187589,0.6898064523627535,0.2537277709868518,0.9333302883130472,0.6296530360689012,0,0.4735907888162661,0,0,0,0,0.4875778284707724,0,0,0,0,0.3248887916396405,0.2380871820887525,0,0,0.6282121051505944,0.7472259687110391,0,0,0.9638329587286633,0,0,0,0,0.8890828712329154,0,0.7219318826125635,0,0.1250665963795561,0,0,0,0.4232162261032748,0.9853380542181678,0,0,0.9680907582865955,0,0,0.03350938592001911,0,0.5753894376589235,0,0,0,0,0,0,0,0,0,0.9261074430114898,0,0,0,0.953102842237556,0,0.348911373473875,0,0,0,0.7681719209218107,0,0.1779267975942077,0,0
0,0.4728279981254214,0,0.09642342507584982,0,0,0,0,0.8021159499266377,0.7009179582911791,0,0,0.6383699366447351,0,0.437137745828797,0,0.2576911661013779,0,0.1231552746932982,0,0.3996698187429105,0,0.5339054446063179,0,0,0,0,0.2114840247355731,0.2636382914199937,0,0,0.8091911853881942,0,0,0,0,0,0.1351752932556671,0,0,0,0,0.9963432473472467,0.9615436246224587,0,0,0,0.1410435767414341,0.4828914358345246,0,0.504154913004931,0.7041018821082264,0,0.1238524401999799,0,0,0.11836371334976,0,0,0.7446476070294246,0,0,0.1015074151757043,0.5934785110313717,0,0.3441924250203196,0.8957835853825903,0.3677565367510257,0,0,0.6865256344735621,0.6342404569405006,0,0,0.5418480913524917,0,0,0.1064482555518831,0,0.1365867636622205,0,0,0,0.2607896317722313,0,0.5690127539812139,0.01288128676460503,0.7009140216237126,0.6798855748730243,0.8072552605391883,0.5915567987521201,0,0,0.8000015127426682,0,0.2538710645706592,0,0,0,0.915421428025209
0,0,0,0,0,0.1728308477393175,0,0.988830130627759,0,0,0,0.9166794873464764,0,0,0,0,0.2693614929449792,0.9982651442119089,0.5933170939651661,0,0,0,0,0,0.4151515464189618,0,0,0,0.2297910368758979,0,0.05981736224350058,0.6637899737208143,0,0.7802888111177215,0,0,0.9507436385646733,0,0.3574378670714622,0.8567713216126794,0,0,0.8907711248243425,0.3332462237269497,0,0.1550748737812106,0,0.2767782008860398,0.1747698420429908,0,0,0.1035742828142705,0.3810538277338567,0,0,0.8147448336062111,0.649365724993344,0.5828886632848608,0.8894869905248832,0,0,0,0,0,0.6187053267172411,0,0.6156791798000868,0.308117340776559,0.149902891622169,0.2604391993637018,0,0.05525601065603385,0,0.6310086883135589,0,0,0,0,0,0.6764414627188647,0.8211548724459045,0,0,0.1783308068415784,0,0.9036697093046122,0.5671423438793154,0,0.6309647149067301,0,0,0.0006743128481373928,0.003324734951220587,0.03382571386175608,0,0,0,0,0,0.8090357971707146
0,0,0.8391923326784586,0,0.7130603629242974,0.756904406188094,0,0,0.1096818481192767,0,0.3717472562696545,0,0.6368510152638633,0.7040270084744565,0,0.4953599721374825,0.2730984611168718,0,0,0,0,0.1590685879145178,0.6485159861292394,0,0,0,0,0,0,0,0.5159302938486292,0.3000575773063185,0.2112286666279117,0,0.9133014320108965,0.00154525300345747,0,0,0,0,0.3327383756204121,0,0.6140206485876739,0,0,0.03109394600994035,0.1392790290705578,0,0,0.9818614633499422,0.5028195486715152,0.6004870306772996,0.7144024504868083,0.8360515352113109,0,0,0.5217058131548424,0.2038081234363904,0,0,0.1165824529272464,0,0,0.07715252381457098,0,0,0.8293645834858933,0.1678595315941016,0.3737758015910985,0,0.06792945070883631,0,0,0,0.1031869432012584,0.773568771819482,0,0,0,0,0.754691068156021,0.02522498079424966,0.7372601817057437,0,0.7627336142722378,0,0,0,0.9054775151263502,0,0,0.2258432743366691,0.2202330756707357,0.2223079593026907,0.7550011268368597,0.9545572428986212,0.521504981535446,0.6944350850169578,0,0
0,0,0.2538767233052225,0.1914811427301207,0.8492493491949979,0.02518504350058142,0,0,0.2864818894073348,0,0,0.209366862004553,0.862741182640673,0,0.8539590131665077,0.730853241318109,0.3624892816243833,0,0.7166235728807848,0.01032789990751919,0,0,0,0,0,0,0.3218448207556414,0,0.9250891932051128,0,0,0.1252875004300117,0,0,0,0,0,0.7431430354785675,0,0.4610368735445272,0,0,0,0,0.3294058499567741,0,0,0,0,0,0,0.5491091320743573,0,0.3149531507114592,0.7476136636183996,0,0,0,0.1999708788879574,0,0.3676733240545666,0.3244366404986962,0.8659097591677856,0.9109251488508853,0.8717110354633868,0,0,0.5654225085196357,0.9557524986769036,0.05624708742941691,0.6266700891006509,0,0.5251560778521985,0.353547184414607,0,0.06615307683611031,0.358463591945886,0.2902142468110655,0,0,0.9345454492068691,0,0,0.06679215373422291,0.1744915227354134,0.6149978140481284,0,0,0.3258982817727653,0,0,0,0,0.3404310684123775,0.9334402052669845,0.7795884041079006,0.456752747790396,0,0,0
0,0.6290201529640198,0.722702846619964,0,0.4805363906068235,0.2783614305980986,0.6628644769729506,0.5066871618284509,0.8677544424500645,0,0,0.5506888794231446,0,0,0,0.663047686227212,0.312280348250471,0,0,0.0552929264237411,0.2718373164832767,0.5307299688137295,0.4647576804073684,0,0.2485044038482245,0.06193562327734163,0,0,0,0,0.7419497765295454,0,0,0.6141399781226118,0.9724696312024873,0.6668842571593636,0.2457577894638538,0,0.299452475079579,0,0,0,0.788897169607342,0.2187041459175408,0,0.2408786553378139,0.9210489838124837,0.3785236387256311,0,0,0,0,0.3948528293487883,0,0.3842982292135482,0.4366718006112523,0,0,0.3685185584695636,0,0,0.7282256602314321,0.1256574254703409,0.07388462336282413,0,0.8675098451744642,0,0.4217059253770255,0,0.03118643635398692,0.9325783322352803,0,0,0,0,0.2321886747892877,0,0,0,0,0,0,0.7216615967068087,0,0,0,0.8180084140737442,0.627025276794445,0.01847140221005121,0,0.9635451923143806,0,0.7977934649860513,0,0,0.04272208649515501,0,0.8431360023635959,0.5444568770621476,0
0.03579741117237172,0,0,0.6131587533641265,0.5820842483877512,0,0,0,0,0,0,0,0.4860923790219004,0,0,0,0,0,0,0,0,0.6429115611864072,0,0.7361156522969901,0.7138535445136627,0,0,0,0.07747455388713435,0,0.313245054085759,0.3766170098377513,0.458508795441791,0,0,0.9712513802781546,0.3259013836165299,0,0.7522269722074111,0,0,0,0,0.8875768230147788,0.03317113348042582,0.2119462018355581,0,0.316583675761773,0,0,0.8173349179196193,0,0.9642294691891535,0,0,0,0,0,0.2772498153935145,0.200861600251308,0,0,0,0,0.3122453385477549,0.09630715138833572,0,0,0.5194258751843901,0,0.9813807022363618,0.3316457803661551,0.4016519078279258,0,0,0,0.9678701679028692,0,0.6373529213375654,0,0.7243668626880633,0,0,0.6546765537931867,0.1444391871445916,0,0,0,0.7487524631879381,0,0,0,0,0.7892770331339543,0.185761146453867,0.3351016514514687,0,0,0,0
0.0447658290402088,0.02570080339760221,0.5957671514007546,0,0.9731840372313766,0.4438434327989878,0,0.2620697663233656,0.6163242377363296,0.3973932243964166,0,0,0,0.1529806021417504,0,0,0.05776207097749191,0.239953007174805,0.9667625810320901,0,0,0.4448522855313271,0,0.9060777905595261,0,0.9554090981482627,0.3744296148226109,0.8808911881717879,0,0.8809270364626426,0.2588485966088298,0.2556459484141594,0,0,0,0.8968998943433737,0,0,0.2054119834897719,0.9851199467911935,0,0,0.1795050399906877,0,0,0.1204163248359938,0.474107132915338,0,0,0.3804767891083617,0,0.4810530723877605,0.1090636199585157,0.6938170456320922,0.1003971420687327,0,0.7157704819936964,0.1961105010765533,0.5296270756501591,0.617214755778666,0,0,0,0,0,0.2405162356251895,0.5820577521109073,0,0.8703107606162183,0,0,0,0.04662434309927325,0.2443673660691983,0.4775876468978005,0.7595032024457608,0,0,0,0,0.831866979814843,0.1969735099756939,0.3635655005386793,0,0,0.6979962696232546,0.7611911223134294,0,0.3080173469750164,0,0,0.7716023105519969,0,0.9719662458423493,0.7475528601319958,0.6207868871223395,0.8923500497282916,0,0,0
0,0,0.5790018628115858,0.3676430159368482,0,0.2811983944304574,0,0,0,0,0,0,0,0,0.4736501535546072,0.5161536494588314,0,0.5195362537296692,0.6215485242882561,0.1976035757360992,0,0,0,0,0.5141818523257,0,0.7756959760378755,0,0,0.09116652112985262,0.626055566849563,0,0,0.1699331717056963,0.122357229166581,0,0,0.4587041191433421,0.7516581226463096,0,0.2670715534673936,0.1343704684919174,0.9781855380643111,0,0,0.2638367486409761,0,0,0.03599897967256364,0,0.9434283020210817,0,0,0,0,0.7669247544632188,0,0.1217271454776093,0.5443816146959877,0,0.01581093287457329,0.02548822170738079,0,0.2695941667701924,0,0,0,0.7703752234096204,0,0.1263147637372258,0.2328931164135371,0.6418427755027386,0,0,0,0.6108742934945895,0,0.5266764957145038,0.1172393569572463,0.7481369441704584,0.9987954047208252,0.8417636693814898,0,0,0.2079891011946036,0,0,0.0529466028102759,0.6579362606990412,0.3274814107182186,0,0.4536418501310883,0.5613049481365703,0,0,0,0,0.5597622426357399,0.8417624701086646,0
0.2517816625396965,0,0.1283089430525589,0.9288120264538111,0,0.4876423503024732,0,0.7517632281066323,0,0.6152201518207212,0,0.504655840333923,0.001090690484574819,0,0,0,0,0,0.73807101581656,0,0.7026032333792078,0,0,0.6216534077503614,0.8287253870647016,0.7753862586896082,0.3119468327961957,0.1751708568723163,0,0.2851596375267375,0.8219585717239382,0,0,0.06787338073933118,0,0,0,0.7875359126088218,0.7385671937025945,0.8713552129107945,0,0,0.9993228186965112,0.5174675195494896,0,0.3118261170792733,0,0,0,0.5493047830601517,0.6790541091902065,0,0,0,0,0,0.832182243327297,0.8403382819783717,0.2604135731709854,0,0,0.1005644056323127,0.2807066799302732,0.7028810945512631,0,0.07643800454346954,0.8877591294645037,0.7713371609780092,0,0.4928876788686556,0.2970089634797952,0,0.5325081422604045,0.07268761075681011,0,0,0,0,0.693969811339269,0.3998230799071971,0.05225514980921868,0,0,0,0,0.7311112694681288,0,0,0,0.6040110807442926,0.03938996817154454,0,0.2017215461877509,0.5766691003669849,0,0,0,0,0,0
0,0,0,0.6357638190559901,0,0,0.7900136681392297,0,0.2262303429854429,0,0.1314519949575029,0.1360069000058854,0,0.5133354791123168,0,0,0.01248123993932819,0.09092627088616449,0.2940209877505929,0.6518821317803456,0,0,0,0,0.306875885912433,0.9465091199649892,0.2583804886254122,0.1680082615500475,0.04579930431373451,0.1631140075172271,0.3594753155929094,0,0.5655563640520528,0,0,0,0,0.2991375282287108,0.922766513505447,0,0,0,0,0.458003396842462,0.8597791498755343,0,0,0.1338120693379529,0,0,0,0.2405903624528155,0.1915175259473917,0.4577019971674471,0.1232575439181623,0,0.5729799388685693,0,0.8906518266592938,0.2876105542993281,0.9370469821251401,0,0.3993026624001929,0.2599891291645073,0.1370581261374017,0.3437924937045455,0,0.5733737633093742,0.1699803684361613,0,0.2526725598804724,0.8046650217690943,0.2924924600917847,0.7268740163371381,0,0.6455757867296845,0,0,0.330406658412217,0,0.2406657316774294,0.5140189762604271,0,0,0,0,0,0.6931620451876799,0,0,0,0,0,0,0,0.1250211829821397,0.1917375962122257,0,0,0
0.8260461071231776,0.6940226257922761,0,0.7735719753086566,0.5494455978890321,0.9913000861632508,0,0.1046773974079921,0,0.01427966349217251,0,0.03376662691482883,0.05688544293779844,0.4321915429627632,0.9230268851588049,0.8126020705154969,0.5003930079120303,0,0.4219097758694254,0.3125226993790823,0,0,0.04977384407675227,0,0,0,0,0.1144573636288689,0,0,0.7916085774808523,0.5235097334822078,0,0,0,0,0,0.2211371826591693,0.02889832496946891,0.1715528200685424,0,0,0.2687609483655023,0.6279134333705552,0.8662933111401703,0.4175649271803714,0,0.8386586621377717,0,0,0,0.7338105429723536,0.4051196917820306,0.8548495206490303,0.2051551560940719,0.4762867374687458,0,0,0.3946116705680644,0.2130020153799985,0,0,0,0.1133480302273871,0.02750695811270947,0,0.679141362577384,0,0,0.03995938613762744,0,0,0,0.6699249702841737,0,0,0,0.1410207071396233,0,0.1785144053146961,0,0,0,0,0,0.2913545560780507,0.3927344265271044,0,0,0.007342403293427768,0.7529647117285378,0.4742589389346908,0,0.1718550452136352,0.9860682239326628,0,0.4317854186435219,0,0,0.2928526158895587
0,0.5956005171911183,0,0.08112318861026084,0.6644335067219197,0,0.2560398847635916,0,0,0.4755556178313126,0,0,0.4323317980943038,0,0.3692629600575568,0.5091963281861629,0.7486920283018978,0.2080567887664763,0.08493276012252342,0.2729085812104317,0.1495527968765009,0.285015705973497,0,0,0.9836452646545342,0,0,0.1304540113155641,0.03796158700506373,0.1107983860326171,0.3853021208882526,0.156125658062338,0.1622356189731439,0,0,0,0,0,0.5220051011369377,0.2409479002788251,0.07580278018020652,0,0,0.3996906656889301,0.1366023207134573,0,0,0.7804125067571115,0,0.2654559185555258,0,0,0.7098499293388478,0.874299476493529,0.5881149476289576,0.04744430634878453,0.6613131247709018,0.5063675212176557,0.5952579559063012,0,0,0,0,0.4217687427972996,0,0,0,0,0.007758963871208046,0,0,0.4564875086230373,0,0,0.2188146278189728,0,0.672579969658567,0,0,0,0,0.1369007882989497,0.45369395798386,0,0.4678611374932124,0.09549489349030331,0.3934435885973265,0,0,0.21390433692131,0.6035680388743639,0,0,0.06419570940710188,0,0.7804033777193182,0.8479400101963314,0.9877607226879931,0.2755490684753215,0.9364974581995191
0,0.3920982986329477,0,0,0.5854731367474065,0.5225826063125821,0.444401455241039,0,0.2277496844324656,0,0,0,0,0.8161912602858865,0,0,0.6771879591368878,0,0,0,0,0.4899253174283727,0.6327445754522647,0.383677613904221,0,0.1952089189495774,0,0,0.9630451703289234,0,0,0.8178525398410997,0,0.5875897746462696,0.5322407022162662,0,0,0.4555570251853348,0,0.6906594880941964,0.7638491318645361,0.8787608464655854,0.3370310555246741,0.08437491436176507,0,0,0.2964598905338555,0.5018311009897692,0,0.4119489456064658,0,0,0,0,0,0,0,0,0,0,0.4775877571243504,0,0.2083672874318033,0,0,0,0.5910939581198003,0,0,0.575349114278746,0.1093288760047857,0,0.5871803508708745,0.5365825720090046,0,0,0.8350143676464821,0,0.1337025315799819,0,0,0,0,0,0,0.3159644484112843,0.5374900843743445,0.4680376958049164,0.2922339129857559,0.2082296866499381,0.4532755502354294,0,0.4895535012530217,0.4883338791692309,0,0.9659619456009287,0.6376109331664945,0,0.5837404877817146,0.3780325615346368
0,0.3463903343916012,0,0,0.1711447101996861,0,0.06983932781457262,0.9625377367832998,0,0,0.9175492361639759,0.6623149588117374,0,0,0.3601367137725702,0.1016072311088641,0.4966306115695255,0.8659724263764939,0,0,0,0.9602788690251932,0,0,0.5783825926016314,0,0.6313415916857613,0.7072638754516226,0.7938933030497647,0,0,0.2193612980504525,0.9556395748145313,0.3915187281877924,0,0,0,0,0.9351150825720882,0,0.838705532829792,0,0,0.009913139995578902,0.5765528239314432,0,0.903394191119593,0.09121237467502701,0,0,0.6020851025319993,0,0.8743363237919344,0.7147420407167564,0.4005098612833981,0,0.3488287422302775,0,0.1781341900774108,0.006725979296601503,0,0,0,0,0,0,0,0.09160144939248975,0,0,0,0.7755008234580686,0,0.643317075585602,0,0,0,0.4881540763698501,0.1173203569400464,0.6607482656695897,0.6750382894990455,0.3396803083354349,0,0.2807194436368506,0,0.8690783830106431,0,0,0,0,0.4678120966602777,0.2330737915708574,0.244143425027345,0,0,0,0,0,0.02490314282950772,0
0,0.3852860373251806,0.2084947547675099,0.6258425800368767,0,0,0.6961678939951834,0.4463899165531688,0,0,0,0.5039611299477443,0.819109163290715,0,0.7309422912936723,0.7719134884438894,0.6906778121670805,0.6453088128108305,0.0332434766901553,0.07061979707482384,0.9810294409375693,0,0.6691107578042643,0,0,0,0.9047705827823074,0,0.9475505920956175,0.9214531165070227,0.2692862398879569,0,0,0,0,0,0,0,0,0,0,0.9662937143155388,0,0.2233591862777127,0.4532425333338725,0.08798339227956213,0.07790170311265181,0,0.0510472799448312,0,0,0.04979848652716794,0,0,0.7185503585593411,0.6551717543751331,0,0,0,0,0.8101759875563989,0.09046219434193985,0,0,0,0,0,0,0,0,0.7734203751401564,0,0,0,0.8553896701651574,0,0.3807198960061092,0,0.7110573568049734,0.3249543410434186,0,0.2908376357693125,0,0.0274959152206548,0.361302896371881,0,0,0,0.7927618911715411,0.9313611627904381,0,0,0,0,0,0,0,0.5208380854655265,0.04391730751840521,0
0,0.004981577088974331,0.2905948617424377,0.1474324411759548,0.2989455875467464,0.449201374280881,0,0,0.2459788334006157,0,0.5855695720239025,0,0.412628024166897,0,0,0,0.01833891323801655,0,0.6721210853018887,0,0.6272669449980706,0,0.8990391204798984,0.8201190968444627,0.7360602647070986,0.3554813861250158,0,0.2755242986762572,0.01574434204828183,0.7360620915725465,0,0.8904629749131423,0,0,0.1147647253672889,0,0.9883519128712043,0.1254323251842537,0,0,0.8406724752048633,0,0.2025626504472346,0.3378659215825342,0,0,0.8068358411535457,0.1225355830582039,0,0.7706727305973207,0,0.6260468042888756,0,0.5106380474187019,0,0.06165018560581519,0.8972193912186122,0.3843341376862638,0,0,0,0,0,0.004990898047338699,0,0,0.008573261704670255,0,0,0,0,0,0.8067272381453322,0,0.8869735303981046,0.6485496295666782,0.813576341973027,0.1612601274265923,0.6243033963066438,0.8733740967113239,0,0.5284049871813928,0,0.3465063182066401,0.7528515481643805,0.4557457957679218,0,0,0,0,0.5175546942333475,0,0,0,0,0,0,0,0.2310070046004672,0
0,0.6617531718019705,0,0.07441004906333597,0,0.1079763486992276,0.9570926005325906,0,0.343009302080702,0.5880859270777252,0.6895372647090565,0,0.4046797290185554,0.1751616261048466,0,0.3413479195263183,0,0.9616092673936578,0.4825572081502293,0.7071712188724777,0,0,0,0.6419922342510832,0,0.1004203422694228,0.7963339788174294,0,0,0.158739946019593,0,0,0,0.5013476901705956,0,0.8315377580000159,0.84225600162291,0,0.9763045458996047,0.754633987623591,0,0.837062722230116,0.8395443037604094,0,0,0,0,0,0,0.1540898951412472,0,0.4804941887081323,0.9674167990524331,0.6453371837740556,0,0.1898328525874349,0.9012351966807924,0,0.4760563947195128,0,0,0,0.5963291767442361,0,0.7493698987596272,0.9798446847893012,0.5782498720323629,0.04919700094415151,0,0.17142860866353,0,0,0,0,0,0.8753488428210923,0,0,0,0.3974139585472813,0,0.2458749742005715,0.2337807616075134,0.6268458438864825,0.671895141290947,0,0,0,0,0,0,0.5841780982697896,0,0,0.788115308719505,0,0.0711329217401057,0,0,0.7669732287849812
0.4180761659311018,0.7925601832466032,0.9426930045456862,0,0.09854018616506437,0,0,0.7675171138184113,0,0.4978897291918891,0.4887361686996765,0,0,0,0,0,0.8009876289135237,0,0,0.2947737419390961,0,0.5430135095659547,0.8581399967447203,0.9771257018548123,0,0,0,0.9575613384146309,0,0,0,0.6004212805533099,0,0.6861966809340856,0.5179902476995653,0.5609736777074186,0.3488091327441441,0.007731597465284445,0.2487603616920855,0,0.4314859788749383,0,0,0,0,0,0.4945247931693498,0,0.4115417854670112,0,0,0,0,0,0.4881636179982132,0,0.8759099548740359,0,0.3204927794847396,0,0.9086337457978936,0,0.737180832054491,0,0,0.4462518300185247,0,0.3819929624255007,0,0,0,0,0,0,0,0,0,0,0.1860031660447652,0,0.7342005960566029,0,0.5239525931386827,0,0,0,0.7090743306460853,0.4170014628350782,0.1713091338240467,0,0.5361935659134215,0,0.4909140732045046,0.3263273917288876,0,0.3943392597406395,0,0,0.2034689833101375,0
0,0.8329674858329766,0.3856876254045893,0.6286022194318759,0,0.7410568626311158,0.7823012134020501,0.2613828272020431,0,0.2966103325989114,0.06419269506369722,0,0.6108025160236391,0,0.7857386211486158,0,0,0.8902706945385995,0.572251831702575,0,0.4952886313966509,0,0.682830542792912,0.9410193959417013,0.04528095433416394,0.5563898756229222,0.3315921037251546,0.7426489914308251,0.7299314256284642,0,0,0,0,0.5747085760528526,0,0.8156207575006592,0.585277285668155,0.6102350449819367,0,0.4765966073375976,0.3896072748886201,0,0.3196284822388057,0,0,0.3681589156841885,0.5746466649656231,0,0.8680069433443225,0,0,0.9238081207481403,0.7060550273841186,0.9761578420465742,0.9571583201642563,0,0.3018826868948868,0,0.9831767128837099,0.4085171654059742,0,0.5013076796407585,0,0,0,0.7259849719072919,0.5441500865936274,0,0,0,0,0.6712744517856325,0.51535927175992,0,0.4579823025704245,0.2277223012401721,0,0,0.8912021400900155,0.1741299864734675,0,0.8330883263001767,0.232298588915996,0.1879454813001764,0.8710937368900519,0,0,0.4406495029058133,0.8156809559016079,0.648314402559741,0,0,0.0787897756832842,0.002737585694909827,0,0,0.6083455856468417,0.4716251640049353,0,0
0.9962486162220413,0.5294440028821022,0,0.8041142558651512,0.8237689369757482,0,0.6604630594921092,0.7500773180718393,0,0,0,0,0,0.823916666233217,0.6525579122413062,0.1754317594148981,0,0,0,0,0.9614445779479818,0.8401258836108899,0.2532297139965095,0,0,0,0.4411056880073284,0,0.7288438372684306,0,0,0.7553784543939295,0.4988269291909325,0,0.981954201810031,0,0.4264352002655109,0,0,0,0,0.0924602738559223,0.07784586069748527,0.1826175182478074,0,0,0,0,0,0.5869691362387577,0,0.137223453752162,0.9664520024864444,0,0,0,0,0,0.8846571445446908,0.3962962945296781,0,0.4940695226226985,0.3657211670079579,0.8904959242359617,0,0,0.1406328450790429,0.2718260050740047,0,0,0.9439248346055764,0.1962419614695882,0.9696900882035836,0.2630997475796779,0.435807190266611,0,0,0,0,0,0.6524784992901902,0,0,0,0.8833098553160045,0,0,0.8742569674615729,0,0.00653825181073191,0.2287208173182325,0.1540688360844523,0,0.3914293020633493,0,0.07970630626709478,0.7865171435399135,0,0.2197791759752234,0.2589622852430739
0,0,0,0.7655409997162158,0,0.4673441450728558,0.2931909521442106,0.1956561066778781,0,0.522006241454737,0,0,0,0,0,0.6063748982038465,0.8861392000566937,0.7162602241614011,0,0.767986316104365,0,0.02639375698089734,0,0,0,0,0.5255071320601066,0.1561825330741528,0,0,0,0,0.2805627066910886,0,0,0.6919431665578488,0.4984504760577663,0,0,0.6234359309100779,0,0.05931898688358599,0,0,0.2206549720696159,0,0.2153969434607231,0.6435297228460066,0,0,0.2810756425164477,0.6718415373649659,0.5725067823528414,0.8495816211445066,0.5912594769374081,0,0.530008144383309,0,0,0,0,0,0.01694542445054386,0.7889178757299496,0,0,0,0,0.6429898558831119,0,0,0,0,0,0,0.7698700656195367,0.7341879610473662,0,0,0.6616825856295241,0,0,0,0,0.2012565491195329,0,0.7652872738008505,0.2869792636678604,0,0.4561497627596707,0,0.7724226159417168,0,0,0.06523118195138082,0,0,0,0,0
0.8213126799889116,0,0.1646883351043513,0,0.07094702070322061,0,0.02072940906835779,0.9824099765455365,0,0.04936058330954311,0,0,0,0.3596293985491564,0,0,0,0.1783523170880063,0,0.1155270336679124,0,0.7562708010527476,0,0,0.7760546567739814,0,0.3450447980410379,0,0,0,0.9768210659880602,0,0.1283821616520057,0.7668209065251407,0,0,0,0,0,0,0,0.1225035098093415,0.4908027568943035,0,0,0,0.4022393579097944,0,0,0.8282696545627926,0,0,0.6064673696762807,0.4310558583140726,0,0.6846863007289621,0,0,0,0,0.5050613576420978,0,0.4406993131410065,0,0,0,0,0.2444990470058441,0.4129969990655513,0.2383261764257728,0.3293883802679902,0.4178879122641572,0.5720341524710288,0,0.5897719322852476,0,0,0,0.9692826755555221,0.2018523789464432,0,0,0.9916644294496256,0.5299772892346677,0.3414547494947378,0,0,0,0.5805997303248137,0,0.3722213629536621,0,0,0.9422705334436996,0,0.6375773165690748,0.8385083758253327,0,0,0
0.8606366446164709,0.7003650415658315,0,0,0.1391893819427857,0,0.47863986989376,0.491012391974308,0,0.8832759151205729,0.1126527819579587,0.6647971764528695,0,0,0.2116528347842344,0.02698525033234827,0.4829524110166182,0,0.009382405242933479,0,0,0.2584295977266062,0,0,0,0.7184564361602825,0,0,0.9742821797242454,0,0,0,0,0.7767248086576747,0.7583109602407794,0.7702979461113847,0,0,0,0.9246996393734328,0,0.6749371980666756,0,0,0.2776403361069684,0.3072550839625106,0,0,0,0.2446469270146571,0.7561273099634556,0.1133580462547893,0,0,0.4595781363089961,0,0.03182253223427027,0.7085080177075821,0.219884319587224,0.3206302990971112,0,0.02012084785362838,0,0,0.06900140049110019,0,0,0,0.6376854580962502,0,0,0,0.04982757087516303,0,0,0,0.498572420010554,0,0,0.5548848799231727,0.6709972781050446,0,0,0.7690109137010696,0,0,0.2473504791626778,0.3607193108672778,0.7223825991531798,0,0,0,0.293843919439748,0,0.3521821519943757,0.9111393686353484,0.6826253904724366,0.1466276896224318,0.405775373644735,0.584056334599213
0,0,0.5562740831670413,0,0,0,0,0.186851891984002,0.4612397606066136,0.5653047202162211,0.3504158773697952,0,0.3829846241662724,0,0,0.4720764430159732,0,0.376333114651963,0,0,0.2961810428514342,0.7279026744396633,0.8429694703025069,0.0703256296007692,0,0,0,0,0.6500415585823708,0,0.3864620434286529,0,0.9757481051236599,0.6946515485192571,0.1348379019531108,0,0.653963132121398,0,0,0,0,0,0,0,0.8561732867949878,0.6678621364696044,0.9646000937851312,0,0,0.3278137335571548,0.9516079123070685,0,0,0,0,0.1778219665025833,0.5872626894837165,0,0,0,0,0,0.8917789149402692,0.505542317491168,0.4171907454632278,0.1534066208423109,0,0.2197151581547069,0.6513025796105579,0.999518396661462,0.6043437824562797,0.8010781696762991,0.7149791290431843,0.8052664573144914,0,0,0.0003013458936799607,0,0.07856964613327493,0.4558060294878274,0,0.4415695571532215,0,0.4788525376684015,0.3493566590942486,0.4511468812033664,0.01197393513033889,0,0.2181250459282559,0,0,0,0.9359119575707683,0.3206766258345904,0,0,0.8145379051819396,0,0,0
0.3215117689716108,0,0,0,0,0,0,0,0.1019185009938148,0,0.1121404613302998,0,0,0,0.8094784202013476,0,0.4546417302889016,0,0,0,0,0,0.9381686120815682,0,0,0,0,0,0,0.904519020808024,0.1780439202603658,0.9809381366787511,0.4405100437116463,0.9074105127274854,0,0,0,0.1888942437985946,0.9947040450559989,0,0,0,0,0,0.8254463648960358,0,0.1250011599983666,0,0,0,0,0.9910294287906783,0.979962104685948,0.6485279829262905,0,0.9200385283345641,0,0,0,0.5977948506484417,0,0,0.2141755408178771,0.3961658831158378,0.7546256372293908,0,0.7173552718894615,0.9172459001578418,0.2162196047950446,0,0,0.6510210479569858,0,0,0.6483641618052066,0.5975833764362318,0.6321167936994145,0.6697012630437627,0,0,0,0.4202226233408963,0,0.998344228711619,0.9369071805419853,0,0.05299585004630052,0,0,0.5560099452472699,0,0.304367359089504,0,0.2346816206770895,0.3870939638236922,0.5039605715727977,0,0.2714657658996559,0,0
0.8493814806240273,0.1744318262105947,0,0,0,0.2151821242136023,0,0,0,0,0,0,0,0,0,0,0.4069210774206459,0,0,0,0,0.1844284465436488,0.4376194285446526,0,0.4053000571170465,0.4879341752107104,0.2388696288026623,0,0,0,0,0.7937721876482438,0,0,0,0,0.871294005577755,0,0,0.3692277351739728,0,0,0,0.3800799113474516,0.5460466466531051,0,0.6448393608193104,0.1186399718609893,0,0.1440713084125062,0,0,0.7645835664247704,0,0.7010910536229846,0,0,0,0,0.8776786647323915,0,0.8907032332408221,0.5886663271400033,0,0.5388624129015176,0.7347657933712866,0,0,0,0.6461455810626006,0.2719418343410966,0,0,0,0,0,0,0.6566578028605946,0.1303995727395795,0,0.5477312004658588,0.9779151413318478,0,0.2161100034915642,0.1044747882623262,0.8108670039219147,0.5527263297271865,0,0,0,0,0,0,0,0,0,0.2386778142393129,0,0.7793157665334478,0
0.429175554391584,0,0.3121139213938572,0.4928666864715166,0.06275049001771808,0.1114447709497717,0,0.9816589038070809,0,0,0.5341313489593811,0.7686789392041957,0,0,0.8949679831598996,0,0.6542570964344847,0.5403300069876622,0.9836238969712521,0.9472499483202871,0,0,0,0.6375058390291718,0,0.09226935950967045,0,0.8771268401961886,0.5559993287726155,0,0,0.2433638285147408,0,0,0,0.2048408908798992,0,0,0,0.4723493332803313,0.7679858757267195,0.2056057999481862,0.9958814549208213,0,0,0,0.6312572305734467,0,0.3836165863568334,0,0.4698608180810208,0.4939133490435144,0.8237886120834982,0,0,0.4954023848441679,0,0.426430464133356,0.8358170993752932,0,0,0.09161252152885883,0,0,0.7624374166651701,0.8435121879318108,0.9786557926697765,0.3194572617966941,0,0.3092647052080134,0,0.102543793386767,0,0,0.4671216886836078,0,0.6476876426089956,0.1199708135529179,0.696526913218127,0,0.6973329916253087,0.9578945020561301,0,0.3690439099225316,0,0.5701095654656364,0,0,0.8713731830165925,0,0,0.03056509535426537,0,0.2635820620031631,0.479896463320603,0.06834781733605504,0.358565293138901,0.1088581026289633,0.4698498473951071,0.2693442776423661
0,0.1679166808016277,0,0.4879087646502995,0.9007447826887713,0.406307540527196,0.3859255007541426,0,0,0,0,0,0.5151019731232462,0,0.7359997288052773,0.8155129942982433,0,0,0.04469497431612506,0,0,0,0,0,0.5135455380503584,0,0.03322161959223428,0,0,0.1998692097355925,0.4318962751680798,0.4102027939400482,0.4595762307574796,0.6901050639944615,0,0.1190232447343584,0.956259410344669,0.631738930226018,0.8615390765773959,0.3081900985583526,0.8915368676146939,0.1197568351322831,0,0.575983390538244,0,0,0.6758376211253444,0,0.8773626284446477,0,0.3334561668257467,0,0.5073243247243553,0,0.5834856301680466,0.2040959074018984,0,0,0.2092168091486439,0,0.6322180962154269,0,0.6274486207405047,0,0,0,0.1097532707537849,0,0.4366263655142955,0,0,0,0.4100909370823855,0,0,0,0.726314780514444,0,0.04783055668360862,0.5731890917262302,0,0,0.09753703968770393,0.3161377233083483,0,0,0.8353695394269122,0.06493372757690345,0.4314150830774661,0,0.519274459184432,0.2570414578596841,0,0.2591362255434359,0,0.2399998011407162,0.08806710010585443,0.2146276655910314,0,0
0.4167521898081618,0,0,0,0.2408012730949503,0,0.7764867507566752,0.3561069882770083,0,0,0,0,0,0.06909616589964578,0.271671087057639,0.7344073855177944,0.4849689927204261,0,0.2270248235564042,0,0.7585565515187865,0.3870360334461166,0.0308312970389482,0,0,0,0,0,0,0.1977389167833579,0.8461085099585408,0.3680890613906072,0.06066021744576415,0,0,0.08728610537233521,0.6617023214488994,0.8868344510090852,0,0.328723500325541,0,0.7883287975241637,0.1007922615615576,0.446619578561802,0,0,0.9212713547077209,0,0,0.5672917650955349,0.9619601960751493,0,0,0.5889305739056236,0.02162562178924015,0,0.5299823007805406,0.4844945029753595,0,0.8154256492601414,0.3407286991949803,0.829483447621542,0,0.340185296132253,0.7040344186404517,0,0.7019242263286453,0,0.7713386183177404,0.3218377511015623,0,0.7919473590974729,0,0.782502763486655,0,0,0.3368625204463512,0,0,0.9122299261174192,0.6894505427443617,0,0.8504535344952083,0.5050303622687321,0,0.09222211118487571,0,0,0.1833665087198103,0.2793650433515768,0.668802966506523,0,0,0.7294809403316423,0.6897934053798919,0,0,0,0.3176687582705278,0.1952005390977309
0.3640379135485576,0,0,0.8845729156367373,0.3031616056294203,0,0,0.06040024754735911,0.01349209483124352,0,0.6576889529448975,0,0.6095869693706083,0,0,0,0,0,0,0.8914976332488175,0.3895499875038138,0,0,0.6778840578629651,0.6948161488700421,0.8511506251238732,0.5737904513023872,0,0.01692693777867598,0,0,0,0,0,0.8368901475699357,0,0,0,0.2823538481749127,0,0.4182308922589483,0,0,0.07083194956387077,0.7189027579434927,0,0.1699257624737051,0.5445414876498238,0.01127483915742193,0,0,0.3323946358269436,0.5812127316326675,0,0,0,0,0,0.4163607479462191,0.6296294565071157,0.308136956349564,0,0.1927592111615072,0.1806535458290584,0.2840760481677807,0.5949835346211936,0.1662665965729365,0.4367496764392497,0.9322406703478997,0,0,0.2500170435870693,0,0,0.9430417688184386,0,0.2252905456265035,0,0,0.2562042908400423,0,0,0,0.6805511919369721,0,0,0.7692375112314964,0,0.5656774420715757,0,0.4816997681981637,0,0,0.1555173454143872,0,0,0.8350945391819609,0.8489867149621233,0,0.4851869849273728
0,0,0.8978300254895043,0.2903389240985573,0.5083547509265398,0.2421555825997035,0.504932891378871,0,0.7407708849542209,0,0,0.6418284650198413,0,0,0.07926315514229602,0.1403721945143043,0,0,0,0.2799856125208313,0,0,0,0.5319838724958967,0.5055372473213213,0,0.767888900691736,0,0.4914393777346927,0.1091117588172513,0,0,0.6877931160617077,0,0.439909132079589,0.4535224825426283,0.9061156477187584,0,0,0.2094135442963883,0.3452827007136932,0.2594063526449268,0.9510594546269745,0,0,0.9111736004928077,0.8736524891438304,0.1965740167984063,0,0.6054531366815589,0.2514400699983432,0,0.7468330883525359,0,0.858101687175123,0.8303958530934579,0,0,0,0.4084613198833361,0,0,0,0.1458284269181179,0,0,0.0295920621764129,0,0,0,0,0,0.278249018011833,0.1978119703735312,0.2222601684102002,0.8199857528216316,0,0.6315125121209925,0.7168947710262391,0,0,0,0.05021765300818896,0.453175784670632,0,0,0.8470547421472518,0,0.5001577879291036,0,0,0,0.3281403235925488,0,0,0.586290175621764,0,0,0.7163074620270871,0
0.8999993610713297,0,0,0.5107884193122452,0.5525864970053804,0,0.06626238009721612,0.7263664689580009,0,0.03156372770483644,0,0,0,0,0.8691085775471853,0,0,0,0.5131104443122124,0.807867229001888,0.1142474337037023,0.5801000817724382,0,0.03661954901433943,0.9276511840919063,0.9441888166810765,0,0.8765409625433681,0.2975877964100724,0,0,0,0,0,0.1452702560461946,0,0.5079526806684409,0.3672495983606057,0.02213152182167648,0,0,0.5421164396304553,0.6821719195250042,0,0,0,0,0.3720771131249068,0,0.4684931538653987,0.2445006107407786,0,0,0,0,0.3006123063794087,0.6033031615521337,0,0,0,0.2310148903688057,0,0,0,0.8025295148126149,0,0,0,0.261153733331463,0.3553032419932523,0.644914367441172,0,0.8821770021992738,0,0.00312359677388645,0.3490464965355178,0.7161032886215701,0,0.2742093029346789,0,0,0.8207963975334048,0,0,0,0,0.6161910650908999,0.2217742810445874,0.4506852419992727,0,0.4031274636705546,0.1890391680062367,0.6884562173692832,0,0.1033322539026162,0.8521513903591889,0,0.3274477761946694,0.3603935421953455,0.6574423942133234
0,0,0.4783086739252232,0,0,0,0,0,0.8984136320889101,0.1712828426622944,0,0,0.5474754560038148,0,0,0,0.4364528916215404,0,0.1110908176088812,0,0,0.599609459366267,0,0,0,0,0,0.5837837100180663,0,0.7476625224584384,0,0.76471021064122,0,0.8570428705630241,0,0,0.6538115481638048,0.4298477291523643,0.3543729841654409,0,0,0.8637698513021841,0.1168968883243987,0.3806510400331679,0,0,0,0.4878096830705899,0,0,0.8631838364609874,0,0,0.1390800676275427,0,0.7553226334455418,0,0,0.2947765780979391,0,0,0,0.7919185665616806,0,0.6812459255583621,0,0,0.8892059896921949,0.6994289792175187,0,0,0,0.5737419365517172,0,0,0,0,0,0.4157973257296114,0,0,0.518962185348921,0,0.5509515744225836,0,0,0.5500088081793725,0.392346661980273,0,0.7031192587221788,0,0.704909878723431,0.2932843134245445,0,0,0.9561078529850782,0,0.6030526371606068,0.5867287926738891,0
0,0.1987693876396449,0.2551162447851616,0,0.9379921693693959,0.8744954718366825,0,0,0.1581152148961045,0,0.7535361314316018,0,0,0.1880005607582355,0,0.8420026890198476,0.3902566638595806,0.3276093030581252,0.4800601362980488,0,0.4879670863154299,0.5839955200080771,0,0,0.9588066766996635,0,0,0,0,0,0,0,0.9097507777380827,0,0,0.4858958405971037,0,0,0,0.2740814769804101,0.2184269293579059,0.6504592330661094,0,0,0,0.6678560735638509,0.8594381931704337,0.6631625120257667,0.6490082385012715,0.3643351372011825,0.3176868001476699,0.4278701416585357,0,0,0.4945161823188761,0.02094517645298504,0,0.706282929382811,0,0,0.2177205778041268,0.5102313513123551,0.2098175432095883,0,0.2647166081482168,0.03610679625490558,0.0750530601601949,0.557908063509597,0.6328849341718972,0.7122475200693742,0,0,0.8972920182140297,0,0,0,0,0.9538242382037414,0.794157567303704,0,0.4555697394383406,0.8446239766411004,0,0,0,0,0.6567358811360076,0.09525431931298182,0,0.1273841336541118,0.05875688944097172,0.5487118926719211,0.2717840573121171,0,0,0,0.37621341953779,0,0.1254883339940588,0.02108119180818751
0.06592301345867173,0.7777806761993092,0,0,0.05105229019418082,0.2429987875444147,0,0,0.5258495806697248,0.6719897644473674,0,0.2529789576696548,0,0.26465498434452,0,0,0.02630160747380799,0.909155636754847,0,0,0.1059320530493238,0,0.4218272583637239,0.1952592911723444,0.5429450441896035,0,0,0,0.08586163633249437,0,0,0,0.0380846485950757,0.3432504134866574,0.1382824048413024,0.2132346246289094,0.6415965176772029,0,0,0.9399225985873093,0.2926158530946512,0,0,0.7463914398087567,0,0,0,0,0,0,0,0,0.5874596613459194,0,0.1400972106374563,0,0,0.3484231509984823,0,0.3177403967084748,0,0,0,0.845054884338529,0.9538877939669593,0.4905435425605453,0,0,0.04073092915351099,0.4123049626755622,0.9117126862730257,0,0,0.4694715760641394,0.7589341482779856,0,0.6870036415917152,0.350284777131864,0,0,0,0.109530056046669,0.08721367470984624,0,0.7702668040926834,0.6789962175065776,0,0,0,0.8627093893320165,0,0.2499763142682713,0.8953112695908098,0.448077053311268,0,0.8002709558718381,0,0.7506199588209224,0.9188517719091911,0
0.7107261278411831,0.6019123051092842,0.07668288444987485,0.3893190913100945,0,0.1803049545967489,0.8351065766361943,0,0,0.9595966550223958,0,0.6572867747727054,0,0.7577707994916105,0.1298817915987826,0,0,0,0.2817096720022419,0.7572412927269345,0.8203179878767116,0,0,0.610928239873951,0.3927880627795881,0,0.04518151323781576,0.3470652796825566,0,0.9719848451867182,0,0.6849924470019506,0.1165249090179646,0.4592806326151981,0.4959262496940032,0,0,0,0,0,0,0,0,0.7962429521166843,0.9186599637737244,0,0.5776536123203596,0.5690308969001522,0.5248631101264426,0,0,0.3763969753004933,0,0.16605451783876,0.04037829485580895,0.8013388527888752,0,0,0.1536825716338614,0.4473041799607242,0.4076481222560055,0.31254329656913,0,0,0,0.2161721418484705,0.7525271170487396,0.8695063846474385,0.8481728799639752,0.4749412926600416,0,0,0,0,0,0.350507591084876,0,0,0,0.6420367817786005,0,0,0,0,0.1843984634260118,0,0,0,0,0.6027152656969009,0,0.5430447626558849,0.7753471310318117,0.2390160198885121,0.6835487518868372,0,0.1256314900048142,0,0.3999231913269669,0.9405693794855359
0.4174042574282604,0,0,0,0.9365806348088592,0,0,0.2692140306111616,0,0.5875384419199284,0,0.01172679894891375,0,0,0,0,0.06152342556530747,0.9181090772238828,0.09111817393094072,0,0,0.1948439617263958,0,0.6111991640773119,0,0,0.875677943671069,0,0.1470438000898456,0,0,0.607032941730713,0.9404266053772982,0.669614202853399,0,0,0,0.9915503824976393,0.3132061185075989,0,0,0,0,0,0.3650795648452824,0.647583644514008,0.6583830700679145,0,0,0,0,0,0,0.876561909453303,0,0.1345540534294917,0,0,0.7584530336600395,0,0.8152667967082731,0,0,0,0.09289499483719026,0,0.8729067884492886,0,0,0,0,0.9247135531760226,0,0,0,0,0.03227342480492938,0,0,0.4291309175437606,0,0,0.3734283223444347,0,0,0,0,0,0.06771671598953204,0,0.9650452031426474,0.3673750288477084,0.9330059183019002,0.5277850764381011,0.1230429759335524,0.9447886168345303,0,0,0,0
0,0.9227938781532756,0.3296934106951234,0,0.8299603858595599,0,0.04748907945156548,0.1837215364443727,0.9444369001975043,0,0.07239704027369424,0,0.451106074978552,0.8222731644350924,0,0.7375661604710496,0.4920970086962131,0,0.516084323921008,0.6978344966816113,0,0,0.5067929356446547,0,0.4284968609458729,0.8352564349354331,0,0,0,0.7929801936549313,0.269616151788273,0,0,0.9843385328911355,0,0,0,0,0.005108609698669264,0.9313725042803069,0.8443436181269381,0.9745063041819456,0,0,0,0,0,0,0,0.09598008300038245,0,0.7240066401322051,0,0,0,0.7818596931673887,0.4559385429024168,0,0,0,0.3229765893197746,0,0,0.1261566904867755,0,0,0,0.7783936897298641,0,0.8870352839562669,0,0.9151692392532631,0,0,0,0,0,0,0,0.3202525183989507,0,0.3419641921883639,0.979627005982167,0.9470614886956094,0,0.3591729139992892,0,0.887188646470714,0,0,0.1323884637256812,0.3412136531860803,0,0,0,0.1764485421684338,0.5612538303694867,0.5197973982508866,0.922610391524101,0
0.2676007168163434,0.01901932158574664,0,0.02130594369663368,0,0,0.07380557579928697,0,0,0.5607558775466456,0,0.4196875937691001,0.2274073012166153,0,0.1036543029719231,0,0,0.945399739558282,0.904201704924,0.7095567525124369,0.109162296678006,0,0,0.3589696468144222,0.3053622757467664,0.002270393137198279,0.3627519012832253,0.09628328181938121,0,0.6570812830214829,0.5203160867815051,0,0,0.1207572409516552,0,0.5276369005261807,0.7410682683310986,0,0,0,0,0,0.4388978822420604,0,0.8698947099366311,0.7345000007360527,0,0.217103636837739,0.5213937648315162,0,0.3294361410544724,0,0,0.6550309648466018,0,0,0.4589239385356409,0.9850019375270553,0,0,0.8655876942584704,0.8687496933444769,0,0.2192830809988258,0.8496797136280642,0,0,0,0,0.2807244259667402,0.8567297574696195,0.7152058535630551,0.9298897817277267,0.5281672330704003,0,0.3564608450049634,0.3977827697678897,0,0,0.662057837847814,0.3530079134750609,0,0,0,0,0,0.7290304294390357,0.6717136389493454,0,0,0.05545331682085157,0.5007344970915848,0.5465842069772969,0.2420529006801667,0,0.1288246730951993,0.07966326919406734,0,0.8456755820272938,0.05814975597687271
0,0,0,0.2756791943044233,0,0.6294861475819276,0,0.6856742063509402,0.6338728997405757,0.05834007760995201,0.6688352579328273,0.722666282520491,0,0.5669490401894414,0.5134952678546773,0.2273080620436701,0,0,0.6371417932624248,0,0.2378064533372958,0,0.6247039504542671,0,0,0,0,0,0.8061782075420546,0,0.5656362999992248,0,0,0.1419329307273943,0,0,0,0.5452329613781197,0.2241125497149618,0,0.9544548839154012,0.8608248137603556,0.1538202947454319,0.3913424073239486,0,0.777359877521023,0,0,0.634216013612717,0,0,0.7393176074432878,0,0.1721563547993393,0.5185570819586259,0.8611274282149637,0.369496549873097,0.2016782436886147,0,0,0.0486144842161859,0.194817171023293,0.7646899724412247,0,0,0,0.7936978734518766,0,0,0,0,0,0,0,0,0.196683193392736,0,0.559352699153245,0.692596667689936,0.6241614499683719,0.6890593094176534,0.4461593998124999,0.1268758879995849,0.7694877902244426,0,0.1870610601627137,0.6454795242597989,0,0,0,0,0.2462863409591138,0,0,0,0.2202947145325938,0.5373884375469963,0.5374149524218738,0.8545067077416644,0.9507954663365972
0.2353735071255751,0.8460057727536365,0,0,0,0,0.03985177314309545,0.6296931676626721,0.2854417599072487,0.4212609314189819,0.4318913663713093,0.1873451059069747,0.106830011997968,0.8230752034120724,0,0,0.6283780322099515,0,0,0,0,0,0.1773111907213621,0.3965803130398102,0,0,0,0.975277363570769,0,0,0.2377718777382063,0.3092199367033476,0.4157608373488506,0,0,0,0.06051311664438423,0.7909661366440389,0,0,0,0,0,0,0.982876297281801,0,0,0.00202412583345184,0.6134972362797864,0.1830976969727314,0.6942508309040152,0,0.5626366877838715,0.1706174106324272,0.03335925658381382,0,0.2202912031918828,0,0,0.6879486765485343,0,0,0,0.5199189320073796,0,0.9001111265314731,0.7648486741790921,0.8891013136990352,0,0,0,0,0.2995532550797372,0.5387493862495593,0,0,0.8770773447774768,0.3717683458162419,0.6514670812144251,0.2888896815445539,0.07192324031139512,0,0,0,0,0.3581499011977552,0,0,0.2687490206719463,0.3826413025309451,0.2797327033144422,0.4852133116925096,0,0,0.0580397284193535,0,0,0,0.4962558016134491,0.7202037668674497
0.07136576925733333,0,0,0,0.868913055908198,0.2157294421395552,0,0,0.9588500195823755,0,0,0.316005363023257,0.1225999651123979,0.01378274780521298,0.7548063665207817,0,0,0.2497259311528396,0,0,0.8498527914082435,0,0.5244809883315162,0,0.7389887100960773,0,0.9967704659276844,0,0,0,0,0.006678362774090662,0.02953932362546723,0.3587808653060087,0.1036243476844492,0,0,0.5201078221539498,0.7873196086622639,0.956411105966423,0.8951828790737337,0.009472845047973012,0.8100811279453201,0,0.2994826373151134,0,0,0.5104219781405254,0.150530528586762,0.6786658568925186,0,0,0,0.9948484708965294,0,0,0,0.1830765743519573,0,0,0,0.5680374709971517,0,0,0.4872203470493559,0.1864668017359015,0,0,0.868539489114127,0,0.3512512317908761,0.1128872174903622,0.9513882799307762,0.7227398903765531,0.2129704902619436,0,0,0,0,0.498535055570245,0.8336455443333437,0.5829552343352603,0.5753946488769972,0,0.471757762281807,0,0.9016170547031738,0.4752587377527114,0.1549290039896017,0.5260883441691548,0,0,0.496901296559277,0,0,0,0.3116104025974033,0.4645078048813283,0.3600901991897904,0
0.6560914717067583,0.0576669668673077,0,0.3719774892102138,0,0.1490821707241579,0.851322615016128,0,0,0,0.30796836164567,0,0.3200869949033577,0.009961915304612257,0.945480435352016,0,0.7703068752048763,0,0.3174893927537263,0,0,0.6324516998013079,0,0,0,0.3934340358709742,0.7519912751640004,0,0,0,0,0.01788630325513778,0.2895059530666386,0.708103214187169,0.1691595651605138,0.3097797044029413,0.1692216228136534,0,0.5468037946296218,0,0,0.6514593001588903,0.7484195447107224,0.3689280514882912,0,0,0,0,0.9571073902746311,0,0,0.1519517018824756,0.9888941796234452,0,0.822105787283697,0.3430399840769453,0.7592975861097914,0,0,0.09221016010966825,0,0,0.0926589311170332,0.5944650179466259,0,0.5714966963889695,0.5304216831252835,0,0.9156493899374494,0.110580018162931,0.3191792535464169,0,0,0.71136063752014,0,0.7911908214442591,0,0,0.8246131713456325,0.6947063460648784,0,0,0.2048880350683094,0,0,0.2916012903350665,0.7072484186651374,0,0,0.9193610138351449,0.6071624634870637,0,0.6730288936608304,0.1408299717255988,0.5510227577842161,0.9003982206884672,0,0,0.1411541987735219,0
0.3540828368266835,0.4977589773481726,0,0.3109782873684759,0.6019870947515622,0,0,0,0,0.5633630306047427,0.2990288715879895,0.1510038039345317,0,0.9686030436780961,0,0,0,0,0.4083149979106639,0.5647943746828328,0,0.2595460196978145,0,0,0,0.7368025095387666,0.3800808041678066,0.4836162272283169,0,0,0.4295825275344139,0.3691602485751055,0,0.417655514912026,0,0,0.8366179777717259,0.652068460287624,0,0,0,0,0,0,0.1099268936987405,0,0,0.7114513294793212,0,0,0.00389479195089919,0,0.3795823815688893,0.3184855149256151,0,0,0.03223916330501679,0.9043436478883582,0.002631946650010031,0,0,0,0.5048789934278519,0,0.05510273086856958,0,0.02230848891334207,0.05522110266967677,0,0.4492769182156985,0.5032760458639371,0,0,0.1700081137251732,0,0,0,0,0,0,0,0.4183236300339804,0,0.7477067766951501,0,0,0,0.1910926249416167,0.04228919025841942,0,0.1507417884387183,0.2994954351726196,0.4987836805493704,0,0.4185037374722004,0.2962547050721255,0,0.6110772339821464,0.7732386099167456,0.439288828989636
0.9826686162926762,0.8378171939973108,0.7266358604763553,0.9430148760260015,0,0.6056004206496746,0,0.09306018896523087,0.8194301536728171,0,0.6032602102486542,0.2836982777992167,0,0.4035594026301298,0.7864191782474669,0,0,0,0.697123593025013,0.7775040472392318,0,0.2753052434600713,0.05918067483362925,0,0.911659826574434,0,0,0.3752782111730213,0.9481505847974266,0,0.5380750855550529,0.4277525594788849,0.7561218489171549,0.904976590478092,0.9269362964060537,0,0.3606997491587058,0.5932062617884026,0.3656576798652291,0,0.3620528873329689,0,0.1605856799839085,0.2221337505802525,0,0.1611567165781391,0.6558981490946634,0,0,0.4472198603373278,0,0,0.0469779705686884,0.3093737233684449,0,0,0,0,0.1654818939499719,0,0,0.6021425101059638,0,0,0,0.5525849667331191,0.01014485616688736,0.9408242986631045,0,0.3529624113848908,0,0.8934099881371291,0,0,0.5420120942371636,0,0,0.809114884267836,0,0,0,0,0.3750176582130111,0,0,0.7473727689682294,0.4125784136650776,0.07422730370159318,0,0.5011896139146551,0,0,0.1246787886001774,0,0.685062081539643,0,0,0.6948041406672933,0,0.2716082731121334
0,0.2029229610259326,0,0.6115755542958694,0,0.9637817076023328,0,0.3148772407934301,0.860075297391848,0.9489938725107617,0,0,0.9482430405533566,0,0,0.4149506298656229,0.777479404663157,0.1890988574579602,0.08997383286292986,0,0,0.6053696932024379,0,0,0,0.6448175046216438,0.8076811738991092,0,0.3381809506458787,0,0.923375511900994,0,0.7095116016102292,0,0,0,0.74721817615298,0,0.7013613104430232,0.7835459782570271,0,0.8712029493133491,0,0,0,0.2675191973080591,0.3293179364396063,0.3420992299255227,0.5337636866239335,0.3232533910292202,0,0.05759515762831628,0.6034053443667228,0.601229830250684,0.5677028600176032,0.3232018257650485,0.6114385736947007,0.2035477314768147,0,0,0,0,0.6935385181700326,0,0,0,0,0,0.2763643197640904,0,0.5547742016328958,0,0.817498995606991,0.7511006996296157,0,0.8478045454058404,0,0,0,0,0,0,0,0.1983632066221152,0,0,0,0,0,0,0,0,0,0.6510576187302152,0.1879865406152915,0,0.07311938845423831,0.9169421960791135,0,0
0.008033032191699863,0.4096422716455393,0,0,0.002016614533546557,0.2880930573814592,0,0,0.7749870784709865,0.4685632043987665,0,0.341425163947348,0,0,0.6208428515864571,0.7937653112360732,0,0.4900581939528213,0,0,0.7889904417751127,0,0.8640314324740477,0.2116919097657842,0.715428974536103,0,0,0.1601954244406733,0,0,0,0.6962179060956087,0,0,0,0,0.6930281193711565,0,0.6617370811219505,0.2085395374802828,0,0,0.7914095056395585,0.2702847881691237,0.6938699017305355,0,0.532174272097836,0.7067134695895599,0,0.9982922392449085,0.5970867858171732,0.487328373946272,0,0.2512679488812309,0.8901046675629027,0,0.7145121486438862,0.7575326978864639,0.2381897365784484,0.6961538376714015,0,0,0.2949444739857338,0,0.6975611030183929,0.04779817938800228,0.06611788429228142,0,0.3637063339648075,0,0.5266600109769626,0,0.8589207996645869,0,0,0,0,0.5409007421839342,0,0,0,0.7968256290043519,0,0,0.4470731082044391,0.5586856245467103,0.9236184680108156,0,0,0,0.7501098107165705,0.7862354875837329,0,0.2001824978593443,0.2622364687117631,0,0,0,0,0
0.4733573797928288,0,0,0.9397487576184392,0.7200292894273296,0,0,0,0,0,0,0,0.1438866395075778,0.5720341846226666,0,0,0.3361435180311993,0.5671038968429702,0,0,0,0,0,0.1512188908683672,0,0,0.4856955232563416,0,0,0,0.248455986470705,0.6204156142141199,0.5723209219903086,0,0.6257287344447743,0.7176506798600268,0.2321962582498292,0.4403540208265126,0,0,0.3572133177024445,0,0.6803938117126813,0,0,0,0.3892315661776565,0,0,0,0.2376776305920074,0.6681456311340203,0,0,0,0.006182347712819602,0.5137721393131806,0,0,0,0,0,0.7460520111804718,0,0,0.1783522177407397,0,0.326941813609367,0.2028605277077087,0.9171418451351441,0,0,0,0.5728451035620923,0.6561875344109132,0.217218173653081,0,0.7220634526200188,0.8755945827698773,0,0,0,0,0,0.1422153222108644,0,0,0,0,0,0,0,0,0,0.2604086948559127,0,0,0.6879915941362048,0,0
0.5286818883087316,0.07142257325180849,0,0,0.4066275063559185,0.538303040916553,0.5599787571058662,0.8316824116135167,0.1600653155530866,0.4962339578276628,0.4411114128545309,0.592060970954343,0,0.2380601547490896,0.4738457421685896,0.07834785157055739,0.6655354772187978,0,0,0,0.5113134570675298,0,0,0.3571899451288985,0.7559303376103353,0,0.3039357102396025,0,0,0,0,0.1783167409505045,0,0,0.3888053066484987,0,0,0.5100996881380824,0.5722649882675683,0,0.6178201748109328,0.5752763697537646,0,0,0.4115353080676667,0,0,0,0.8580521513029864,0.5445978517352037,0,0.3075937038880593,0,0,0,0,0,0.6717425574435585,0,0,0.8396650323762835,0,0,0,0,0,0.1749536935329505,0.8311656734513231,0,0.8618030383795461,0,0,0,0,0,0,0,0.3468315697160917,0,0.9794210873905181,0.8652035276223421,0,0,0.2638031410387922,0,0.4666550884230944,0,0.2840386890887436,0.3501266950632051,0.6095440709543023,0,0,0.857774372717666,0.4703033964096071,0.3707279536008396,0.5847816446078974,0,0,0.6394976685021738,0
0,0,0,0,0.3361617282618242,0,0.8373127220214209,0,0,0,0.2616555237683335,0,0,0,0.6130596926354449,0,0,0.03924129549485426,0,0,0.5208408996179235,0.6107417093608133,0,0.6829528975785102,0.1664096179881652,0,0.05812111217259368,0,0,0,0,0,0,0,0.7110422298857685,0.1891580533523781,0,0,0.7059152436676401,0,0.9020906013207189,0.5806997935621251,0.3500422826692108,0,0.7900427094189181,0.1854640585460465,0.5309707117264639,0,0.1508579078726267,0,0.745604447904747,0,0,0,0,0,0,0.6472592555780762,0.1827316073492355,0.3593436225816835,0,0.1552329906558713,0,0,0.6473696308491627,0.3601293665062049,0,0.4639547682756661,0,0,0,0,0,0.8723213507423903,0,0,0,0.5328748331134365,0,0.4992973613236018,0.6236610890553401,0,0.8112733015504964,0,0.07938875805376393,0,0.853416702697372,0.5316914016488676,0.2481043646500672,0,0.5526719665441544,0.5147006395181166,0,0,0.9557613370263586,0.5866889824631795,0,0,0.06379526949323581,0
0.8480696504282705,0.1646408156809037,0.8861370814372053,0,0,0.9840044374879542,0,0.196407900215865,0.6840711107002909,0.5685155618153988,0,0,0.5912233611875167,0,0.06398071828679112,0,0,0.2961996477674065,0,0.7196856825526468,0,0.9599544794215548,0,0,0.3128490364759942,0,0,0,0.7743638323609527,0,0.2195323764059845,0,0.8348928071834113,0,0,0,0,0.987159684573787,0,0,0,0,0,0.7674039920440909,0,0.7730137466675697,0.3636119853026112,0.5835215213661215,0,0.117678699910355,0.3591010789497556,0,0,0,0.9149763700484475,0,0,0.3094147265271626,0.9728624948459227,0.7256480069788136,0.5395055231172593,0,0,0,0.9811785038790346,0,0.1395629743167314,0.9708194040934772,0.5896455421109048,0,0.1282757235440531,0,0,0.6557432007083523,0.143935815408578,0.4668397078621389,0.4442094386667214,0,0,0,0,0.5054482440498045,0,0.06420846182447919,0.7513722339379616,0.6652104617256334,0,0,0,0,0,0,0.6422098576398524,0,0.9777551068541568,0.1838107728377734,0.6730568632126989,0.717648040594253,0,0.02418750795970963
0.6467326937865431,0,0.8214132772572348,0,0,0.9322726009705384,0.01298335996989768,0.3284104278265554,0,0.4230935460185167,0.7310590208019339,0.444714843768881,0.6445024501804045,0,0,0.263411673754725,0.7173136039219521,0,0,0,0,0,0.3432474097671348,0,0,0.8609520081592137,0,0.8817839482710278,0.4143871396427833,0,0.1404904749090831,0.9583863498100829,0.6997683134468344,0,0,0.4801972167009268,0,0,0.697159712357061,0,0,0,0,0.2435092794243482,0,0,0,0,0,0,0,0.7464905153658986,0,0.8242460559588901,0,0,0,0,0.2772103842610116,0.2455586666279425,0,0.9070627621220294,0.8563126493791751,0.1824070027988845,0.756191129151326,0.8186433957024789,0.8198799709116587,0,0.9226296378153915,0,0.3772417132682709,0,0,0.9665753122421862,0.06262702344297914,0,0,0.165563825185077,0,0,0,0,0,0.1867590798106714,0.5984932437901831,0,0.5748322749283391,0,0,0.213633737277432,0.3855996110520341,0,0.293959247506492,0.01193595957180198,0,0.8991012218925888,0.01554050236969755,0.03161308582405324,0.6722150937887783,0.2439059435637472
0,0.3432237561242159,0.7775715332470741,0,0,0,0,0,0.143533931207635,0,0,0,0.03569082568715158,0,0.002498521909080664,0.9558067902840109,0.7500340554865543,0.2299038103617596,0,0,0,0.2981679967653664,0,0.0726821904016182,0.1523439869916797,0,0.6756683924602791,0.4244753346706574,0,0,0.655060769180502,0.1394717006692255,0.6763075790096481,0,0.4930779501325509,0,0,0,0.6158366671986021,0,0,0,0.228935687930891,0,0.9590266714235501,0,0,0,0,0.6634534213643278,0.791895369810603,0.2165085219154295,0.5466049464359204,0,0.0392850424821151,0.5068433229784854,0,0,0,0,0.9803590109676126,0,0,0.2764721952655477,0,0,0,0.1076060851272976,0,0,0.7942140392538779,0,0.515498185255551,0,0,0,0,0,0.9102006306802717,0.3166314658586735,0,0.1909812769137126,0,0,0,0,0.9390114638373417,0.07208120053777094,0.09684139537409524,0,0,0.08175592992555829,0,0,0,0,0,0.246684895888017,0,0
0,0,0,0.3741257295517159,0,0,0.3565398689045485,0.4019757438075117,0,0,0,0.5392568987565622,0,0,0.2248637980248256,0,0.8905196656672308,0.2882765282725637,0.4407407443492858,0,0.09093741490126132,0,0.8099005451788955,0,0,0,0.4367031314158026,0,0,0.268232170580577,0.9851517183862698,0.2566015332806568,0.8405412590734193,0.4545362960885724,0.8494631566176009,0,0,0,0.960014511839314,0.7291582348253218,0,0,0,0.8207589486857089,0.5243254969906792,0.08494050193855744,0,0.3741288059263663,0,0,0,0,0,0,0.9252156703384847,0.9406887131021272,0.1325446120532155,0.6153440431341139,0.2514091859609179,0.392411562964388,0,0.9206638567408424,0,0,0,0.04261342694285512,0.2677211759817347,0,0.2859944133082384,0,0,0.3665071698589357,0.001511145770560929,0.7688636536286313,0.2374420729437823,0,0.4638365362872148,0.9766771816440932,0,0.2086255189658888,0,0,0,0.9931652043863266,0,0,0.2425976052781639,0,0.5056316289198409,0.6491988945623234,0,0,0.2799636681585058,0.5951075861430115,0.6260920801314093,0,0,0,0.6244959116071316,0
0,0,0.7333278724202764,0.2915286935806363,0,0,0.6268616485809432,0,0,0.6418706706074846,0,0.363662811572705,0.9723333756652127,0,0,0.3731447050086273,0,0,0.895405659593521,0.2911822663982568,0,0,0,0,0,0.6564887638299098,0.2606655601152693,0,0.9313704668073813,0,0.003878927501488705,0,0.5706163347231005,0,0,0,0,0,0,0,0,0,0.6969014933119894,0,0.5169021395715883,0,0.832857112562305,0,0,0.8263802972802048,0,0,0,0.8145931889709791,0,0.8887535812122399,0.2299326323926036,0.5978451304378076,0,0.2258767744911609,0,0.7891736127269763,0.213587962292798,0.3903018485380313,0.03414324966976794,0.1551532344792519,0,0.9158289817128668,0,0,0,0,0,0,0.7768290292188971,0.009305125962691663,0.08361057481508243,0.2957651828222389,0.8178055942597661,0.3952393053626092,0,0.5904004224842105,0,0.4123691953651341,0.6283147757341876,0,0.6669316661304663,0.5259904431471931,0,0.3031771628934314,0,0,0.9665185924749785,0.1763691172857992,0.3967280831342421,0.3509852409429439,0,0,0,0
0.5301412797336688,0,0.03237899814960336,0.8273342887782171,0,0,0,0.5733777608326944,0.5644323588943552,0,0.1376150691074987,0,0.3430265557293956,0,0,0.1009288096671294,0,0.7764553200533569,0.3786108042306388,0,0.1571252363005602,0.9835341546367423,0,0.6873561701971875,0.2439610327294443,0,0,0,0.5363032396808944,0,0.7279907172536291,0,0.9676558198692187,0.9547314544470042,0,0.3838096661986699,0,0.6166518101296663,0,0,0.7459865791885879,0,0.792428899584935,0.4226289850096358,0,0,0,0.4327361396854256,0,0,0,0,0,0.2947068205707267,0,0,0,0,0,0,0,0.5450571206062578,0.6755755537354101,0.009590623786310194,0,0.6149482582206712,0,0.3870865678948746,0.774783033902474,0,0.8540342703006548,0,0,0,0.7241621879760931,0,0.6416094619096055,0.4202462510383009,0,0,0.4198026880606454,0.5649752127892134,0.9886431872319958,0,0.915641150385084,0.6603488999833708,0.7629155911231313,0,0.4017455401641861,0.4076538938579851,0,0,0.6184187758035822,0.6678743953583047,0,0,0.3210445567619233,0,0.2494330251522676,0.2688578022273083
0,0,0.442933259305116,0,0,0,0.4536588929580984,0,0.6718772578271516,0,0,0,0,0,0,0,0.5507802765687495,0.01543075778474139,0.8457318775617344,0,0,0.007884600363707129,0,0,0.6595637446014607,0.4498020988566104,0,0.1894521875381579,0,0,0.6027519326284114,0,0.5685511246309037,0.05338993609996216,0.1180725413102734,0,0,0.2714904618718452,0,0,0,0.2547550997104097,0,0,0,0.768431474467743,0.5889312813361338,0,0.5720515889613994,0,0,0,0,0,0.04410362080786105,0,0.7469508128637544,0,0,0,0,0.7947445638099975,0,0,0,0,0.6440394677857145,0.8838974499895913,0.03263673118011616,0.7111001453141164,0,0,0.5108715495443993,0.2780299458208399,0,0.3399699980288654,0.008448986773674273,0.2893755190039939,0.7634988756821844,0,0,0,0,0.6205586102002516,0.1198550552916893,0,0,0,0.3051887735593307,0,0,0.1283937075628267,0,0.1823466091160871,0,0.6728378852993505,0,0,0,0
0,0,0,0.7059991258097659,0,0,0.4806375500999975,0,0,0,0.424230465428336,0,0,0.2435570292636111,0.541020874986271,0.9990486015605937,0,0,0.09676024981020408,0,0,0,0,0,0,0.8247259615449967,0.2701905778931123,0.5587308418355311,0,0.9938577227716849,0,0,0.2022890297967441,0,0,0.6553098474119671,0.4739615717665097,0,0,0,0,0,0,0,0,0.1371710718121833,0,0,0,0.8642136122579789,0.2741504473101444,0,0.5278921052905136,0.6354884159888734,0,0.8579210727013742,0.5117610561114044,0,0,0,0,0.3565341168288569,0,0,0,0,0,0,0.8145375262140506,0,0.6282106628083916,0,0.7525429915756155,0.5244206005670026,0.09251477416610958,0.09661497140656287,0.9104447683793949,0,0,0.7633519190601404,0.6294222471444283,0.2307138982484244,0,0.4484023534628822,0.9064421844113361,0.3630475530536476,0.3715350168115921,0.2304796792624225,0,0,0,0.4604120998403027,0.6691175241663082,0.04874585713812767,0,0.6321483848882772,0,0.2980307290381751,0,0.07879978210028109
0,0,0.6570136105706248,0.5748646584912154,0,0.09313109594529127,0,0.4337298978341222,0,0,0.415611378069513,0,0,0.01674619285186967,0,0.9503434303844378,0,0.1214533037491841,0.6238762741413155,0.07086857921978333,0,0.827829050244248,0,0,0,0,0,0.06081252170396116,0,0.7806719416123123,0,0.4795361331349486,0.9790348530574887,0,0,0,0,0,0.8984566184956702,0.3145644194606481,0.3598025769659423,0.3116110355465995,0,0.5803121310189367,0.3372978065829851,0,0.2079620312886499,0,0.0436580996390457,0.3045555076886836,0,0,0.1292703258899553,0.9722722458118875,0.3155989538727081,0.3150170840099248,0,0.2534210047072272,0.6837313628232095,0,0,0.2302244897049854,0,0.9232971154920246,0.9872504586560524,0,0.2010629154317852,0,0.502961547962002,0.4549225954485479,0,0.8853243896673957,0.1310199034165324,0.9522884812975976,0,0,0,0,0.7856305302219009,0,0,0.1006948840757559,0,0.5840237648004357,0,0.3791468570797751,0,0.6566366485205039,0,0.846677228637988,0.9651916537272432,0.425850939930593,0,0.01601135012116988,0,0.6464389193057241,0,0.361376796054465,0,0.8009739395290383
0,0,0,0.5823586111107811,0.9014908277629564,0.4800673152281237,0.6547519506738414,0,0.8291838028606796,0.7705563322982554,0.5450036927330919,0.8355937301429405,0.6843001315233946,0.3086818303994981,0,0.08032663015137768,0,0.886147313859289,0.8252218016378463,0,0,0,0,0,0,0.5556739071511984,0.412227832693448,0,0.1765850056913468,0.2713123636499443,0.7491555398984675,0.9576291474976169,0.6093604484591539,0,0.4037839797039177,0,0,0,0.2846563131433299,0,0,0,0.6689891925996141,0,0.4526690181638226,0,0.2126611663693606,0,0,0,0,0,0,0,0,0,0,0,0,0.6936739598545294,0.1720205421963362,0.4169502791622979,0.4401195197869635,0.7944971244938289,0.1157141862747968,0.0535005635047439,0.5137471253513463,0,0,0.9832702991958728,0.05564703005445974,0,0,0.8610599077812651,0.8135673238909343,0.9315324765685331,0,0,0.7668184116773928,0,0,0,0,0,0.7410055008387483,0,0,0,0.8232946282538909,0.9257825119290215,0.2713767898683182,0,0,0,0,0,0.5706663667745951,0,0,0.3798004384751399
0,0,0,0.3717408226637522,0,0.1035396083282471,0,0,0,0,0,0,0.09851043311996259,0.4659181686353406,0,0.3025283807030377,0,0,0,0.7637637229044976,0.2543695291446728,0,0,0.2109986419947714,0,0,0,0,0.9099325937874935,0,0.5847912751366958,0.7047303127522971,0,0.2679556767585475,0,0,0.6457093771444252,0,0.2586334922823606,0,0.4115291562789229,0.8988234265351119,0,0,0,0,0.4341324964730738,0.7387681892538324,0,0,0.2689057775184389,0,0,0,0,0.9912076730953692,0.1695184654706303,0,0.3073477373913612,0.344259555302745,0.5269473721155061,0.4119679197906085,0.708965558771078,0.256501736059267,0,0.9792627615486984,0,0.9776250524583074,0,0,0.9288521596889093,0.5733942266826947,0.4604051154359662,0,0.6974749791164695,0.3124686438473621,0,0,0,0.857536914806474,0,0,0,0.230831207085119,0,0,0,0.1881360969148505,0.6017641723929392,0,0.7496839373936488,0,0,0,0,0,0.09839708535962159,0.8806104760243111,0.5833588807158473,0.8473522655523609
0.2289413930655969,0.3465567088443427,0.8355677979063535,0.950885004143134,0,0,0.9645242092316738,0.04456357190955555,0,0,0,0,0.3834691553396666,0.4847394221430709,0,0.08637102702295878,0,0,0,0,0,0.3631182141109741,0.8616893255719118,0,0.7002004647795933,0.5208784225245932,0,0,0,0,0,0.7935912800350342,0,0.8276691414969997,0,0,0.8522375569480413,0.7313229749019532,0,0,0.9826223074916821,0,0.02164403410508646,0,0,0,0.02428466421786173,0.2255112686430867,0,0,0.2771739798696796,0.5307985711989038,0.2711821774099567,0,0,0,0,0,0,0,0.5088327969415722,0,0.6320407196542348,0.699005403333578,0.9554561689691946,0.3550535896557935,0.1983313004873551,0,0,0,0.6031483722006759,0.9812334733850655,0,0.6603673837572669,0,0,0,0.3568568309107447,0,0,0.8165811602526584,0.227653737752213,0,0,0.6196215937222989,0,0,0,0,0,0,0.7843071346282862,0,0.9764536984830547,0.9617791924117329,0.435749049886395,0.3687907425400427,0.3026628213359585,0,0.1794361310049025
0,0.5415573389254024,0,0.1652494025753506,0.5691092008906304,0,0.9787641726962437,0.9223526441551783,0,0,0,0,0.3848790967374755,0.4424502100953704,0,0.7405965236636534,0,0.3768754797941539,0,0.7250226267902646,0.1017614452857929,0,0,0.3263786167812973,0,0.3444348005078211,0,0.2159317624401846,0,0,0,0.6055534568379332,0,0,0.2968633339120266,0,0.6479326418832736,0.5531512781846198,0,0,0,0.640641997900612,0,0.3444770230108653,0,0,0,0.11414859908044,0,0.3032541841833561,0,0,0,0.9381420107944006,0,0,0,0.1927021270151715,0.9761319319762662,0.600059368446301,0,0.4332418160394008,0,0.40416063379277,0,0,0.1858258316808517,0.4412979355679603,0.7726384554801956,0.5185431531814015,0.2098570313122584,0.5295309626659506,0.223053990677935,0.7783967657256787,0,0,0.6760094908508701,0,0,0,0,0,0.2573727657286435,0,0,0,0.2938804764514474,0,0,0.4709631422017399,0,0.4636876798368672,0,0.3135153535804951,0.04330947665006284,0,0.5021695570783594,0,0,0.1591485010058754
0.9015695730336207,0,0.3177231064078739,0,0,0.3210979308772865,0,0,0,0,0.1234795187442947,0.7054587912357194,0,0,0,0.8751388605019894,0,0,0.1149656981275336,0.07498633334757347,0.1158671228052211,0.6694468795143416,0,0,0,0.6528290431597704,0,0,0.2004260498991932,0.4018781520537422,0.3438249715333256,0.5259280275475278,0.6550211713137253,0.008544849755006512,0.07665439436801795,0.6343020411428142,0,0,0,0.9841848239884524,0,0.3554813387796861,0,0.7837172882027708,0.07405546628121722,0,0,0.8996688017340942,0.459390524679749,0.1244984705730505,0.5565921905134384,0.1620904654246684,0,0.7281999938049242,0,0,0,0,0,0,0,0.5310734212764374,0.3180971759028322,0,0,0,0.2686282301962096,0.04501705839424346,0,0.6085666998867671,0,0.6121241839948623,0,0.8420265073017799,0,0.7120502046412308,0,0,0.9594154589399317,0.0748058615478832,0.9684942181836975,0.7067001904634526,0,0.6153151122803686,0,0,0,0.498009754151359,0,0.3396307607068113,0.3501175500981845,0.751312475284966,0,0,0,0,0.7128031199398775,0.5515728644296849,0,0.9905032810312139
0.6096878210899365,0,0,0,0.3332968903046634,0,0.2102765336792753,0,0,0.7645375871373299,0,0,0,0.5895035061671127,0.424222308004461,0.3273744703205597,0,0,0.06370147482207104,0.5677619763787721,0.609450821461592,0,0.5379257473718692,0.9426156095812228,0.6528011528166764,0,0.0088552297557563,0,0.7856867946177285,0.9038134866252893,0,0,0,0.2161236362678502,0.02397430463793397,0.3924263159808614,0.4343653273392653,0,0,0.92437147058064,0,0.3462851609208437,0,0.5499137737140396,0.03591162728883539,0.5335615282800247,0,0,0.01945256907869935,0.5018115350263828,0,0.3035498263167055,0.3468718840648123,0.8332746910121158,0,0.8770793214923301,0.06060705208049515,0.921897222610264,0,0,0.3508653831037757,0,0,0,0,0,0,0.8298704032732025,0,0,0,0.2921892113456887,0.3645024378234776,0,0,0,0.4274478413630446,0.1247513245305567,0,0.3128671991842355,0.8255133939175419,0.8882892601860809,0,0,0.8480618441075179,0.7725475200852275,0.4275868534565999,0.4884178605842057,0.4171454636539534,0.1247795262206405,0.06003081419211291,0,0.5610396492359082,0.010839044956147,0,0.8611211817367318,0.3354754635286263,0,0,0
0.9167467031103839,0.694135564794114,0,0.8024846098182266,0,0.3386212652560909,0.6324500702185387,0,0.2270539984839957,0,0.5659893585680056,0,0,0.1888588105955442,0.1356124839257623,0.09758214806447445,0.7232785420070544,0,0.09330463392991643,0.1301266665859044,0,0,0.1682729843027265,0,0,0,0,0,0,0.3012153415230673,0.3933503498768211,0.03213873594410492,0,0,0,0,0,0.5266124702894818,0.7421851098612046,0,0.250159590851108,0,0.7173106802222019,0.4877323175521563,0.8351457468303763,0.2535135861077598,0,0.7063618991250512,0.4038202977791789,0.4180383321712491,0,0.935699383401155,0,0,0.3893216168650753,0.366700667795532,0,0,0,0,0.9704852806627963,0,0,0.4487705109512337,0,0.05434805540385516,0.1868338794798829,0,0,0.3499139314117831,0,0.1560141783312602,0.8781646384116421,0,0,0.3465263201704095,0.6240650134227063,0,0.07349491964479497,0,0.2071166920311578,0,0,0.3519551997531851,0.5145262350401453,0,0.6569450952803686,0.8847606021036658,0.4746006390342822,0,0.9275667239507859,0.6432781037786621,0.4986712526713442,0.1906317965202383,0.3942827364747089,0.4651311192087355,0,0,0,0.2130711190133577
0,0.631978632697397,0,0.289950327521696,0,0,0,0,0.7158378202528332,0,0,0,0.3054813683646736,0.9640308019341924,0,0,0,0.4365122993524882,0,0,0,0,0,0.44941418304066,0.3726596098846032,0,0.4475133802478473,0,0.2310907314958001,0,0.3679500036012872,0,0.7555241070293568,0,0.1555900638229357,0.7285141587304624,0,0.6219098646361834,0,0,0.9715685365469803,0,0,0,0.4367772631284518,0,0.8241142684975826,0,0,0.249041546377822,0,0,0.3137921153750582,0,0,0.6490304469436459,0,0,0.7509202902891343,0,0,0.5029425753196068,0.07171509868580932,0,0.4419417873866623,0.6785755172199923,0.8340087633193617,0,0.07718211996024764,0,0,0,0.1813605856248828,0.1093492659036679,0.1311689482669452,0.9368484718600936,0,0,0,0,0.4662150383389563,0,0.9065226862123638,0.02387778352462549,0,0,0,0,0,0,0,0,0,0,0,0,0.7031807950946884,0,0,0
0.4602354969088662,0.9506167409485723,0.6090822597538718,0.7927437442512191,0,0,0.005097505239945166,0,0,0,0.2597631620656608,0.8670698122534747,0,0.8923871893080246,0.8263576800834542,0,0,0,0,0,0.4361660430734174,0.3195984535188789,0.1092332586964609,0,0,0.7540717289930562,0,0.561116856460223,0,0.6500738456052022,0.09371735245835737,0.009747817613566401,0,0,0.5233077961423679,0,0,0,0.07700695350272295,0.1634279386913083,0.9163306054682723,0,0,0,0,0,0.4914733105724424,0,0,0.01819121738145428,0,0.5235007363010777,0,0,0,0.6064339630592304,0,0.4314381509263673,0,0,0.7930496155656764,0,0,0,0,0,0.5585525429883265,0.9297053067962002,0,0,0,0,0.3008951079776711,0.9990814241541004,0,0,0,0,0.1437917529923896,0,0.3677737296428087,0.8348857632303591,0,0.8803768722058389,0,0,0.5671598090455769,0.9937491738244716,0.6747208557131071,0.4971433294882276,0.7917836940347555,0,0,0.06148386787233311,0.9439835292123411,0,0.5584540579559578,0.7829387139514599,0.2342772165758467,0.2171649814256365
0.06637987747444456,0.8765663019984213,0,0,0,0,0,0,0.9635741627688847,0.6742074801571106,0,0,0,0.3607293201154176,0.130005011943515,0,0.9362632100566274,0,0.395338405668926,0,0,0,0,0,0.2551950575076892,0,0.6170599689843557,0,0.7827704896104887,0.679441196781416,0.2712103925822393,0.6187322600311076,0.9247722121449371,0.4691830415621448,0,0.009653457710260094,0,0,0,0,0,0.639428925753986,0,0,0.8130056247151022,0,0,0.6563323420049572,0.4877722032904675,0.9845944484840157,0,0,0.8414876567067813,0,0.3641277568627972,0,0.7224780110852473,0.1837421650294923,0.5764112801993699,0.5886649495700085,0.7194265235557487,0.6855320793739873,0.8767564980200964,0.6434686592898134,0,0,0.2476478281678164,0,0,0,0.958400385959743,0.4167448740844867,0,0,0,0.2413154661555685,0.5287839239927246,0.8668749542733871,0.02148418582850069,0,0,0.8415800972820274,0,0,0,0,0,0,0.7607762114536373,0,0,0.3166430051306102,0.5573559255771937,0.9629513541371769,0,0,0,0,0,0.0105171470968553
0,0,0,0.8086796810123936,0,0,0,0,0,0,0.4135033493380155,0.7763168408864823,0,0.869119630853606,0.4388494965086366,0,0.4415200070625561,0.5559549681850043,0,0,0,0,0.970885524599016,0.03459809130881979,0,0,0.5448706267389389,0,0.8732639481005212,0.8477846549621327,0,0.1303944664271836,0,0,0,0,0.1445028876603611,0,0.1206558704795363,0,0,0.4531697128425815,0,0,0.5175584359088305,0.8740931104488134,0,0,0,0.8120388361105417,0.2519232164903042,0.08685612106431999,0,0.902896430890734,0.5245935240288073,0.5869006947338929,0.7272174603527631,0.5269956298079725,0.9773675950333564,0.4784486523529689,0.6867935406964738,0,0.108543134377329,0.5575843643045392,0,0,0.7294990928443611,0,0,0,0.9081515340939638,0,0.3700072551164243,0,0.4246308125123217,0,0,0.2508373855331297,0,0.4996054734810136,0,0,0.6706474231021933,0,0,0,0,0.4260651561528401,0,0,0,0,0.0554501045721683,0.2241509683348681,0.7034120607463783,0.8634527147517611,0,0.7215601882206211,0.6941204753833273,0.4600474702063874
0,0.7881124684910126,0.8571655907080578,0,0,0.1162871662093779,0.1081022788860257,0.2690608176527574,0,0,0,0.8904316850867368,0,0,0,0,0.307829606996843,0.9364304301960955,0,0,0.4570265997903534,0.467978832058364,0,0,0.1545820704685087,0,0.7559284888305048,0,0,0,0.4286099698208408,0,0,0,0,0.4108240355580107,0,0.814335434581097,0,0,0,0,0,0.327199996110862,0.2095983892558654,0.9599928752548081,0.3070850082280471,0.9203033096469126,0,0,0,0,0,0,0.1175277938300149,0,0,0,0,0,0,0.6746335944595417,0,0,0,0.6400473946085566,0,0.621334862443503,0,0,0,0.01870471981895066,0,0,0.1846926307065556,0,0,0,0,0,0,0.4574833689306886,0,0,0,0,0,0,0,0.2282228099124792,0.7573571949764849,0,0.207209669234117,0,0.7013248079606159,0.8749961953765699,0,0.8972657347926287,0.5870943838204893,0
0,0,0.8162671587094523,0.3206600873257033,0,0.2997001426427172,0,0.5932919481904487,0,0.01304019063440003,0.3205350153684703,0,0,0,0,0.4757041868913353,0.6194541633970352,0,0.2092159646827202,0,0.513644415453986,0.7727917985220034,0,0.1917042587075987,0.5564729139427392,0.7648253017224987,0.133757006926741,0.4039531354381835,0.6039423732988173,0.8149766924367196,0,0.533734257407486,0,0.7260084590790106,0.8625430166257142,0.5783813033133058,0.5073386683113238,0.3695820839782168,0.8735746192591554,0.06654544136378297,0,0,0,0.9586006491483532,0.5312138607352335,0.5395929323497212,0,0,0,0.6666694399525814,0.9103680545845182,0,0,0,0.4100876079477292,0.1356383621688828,0.7120222811489365,0,0.3019281534855077,0.765563050871037,0,0,0,0.952278133881227,0.6845982121157149,0,0.735363006270045,0.1512030167381,0.3087005031065168,0,0,0,0.9962405889336472,0,0.2984339074253828,0,0.310977114504125,0.2604147767582087,0.782260368370237,0,0.4212260190289103,0,0,0,0.06690414963993079,0.327464528858498,0.7551296744686468,0,0.7737792066542231,0,0.3619519765432377,0,0.5253648355619003,0,0.5023687238887899,0.1378695822873081,0,0.8512881567725912,0.2797106551652019,0.6953677419156614
0,0.8967747573695015,0,0,0,0,0.7924987014981208,0,0.9535833867352467,0.6471866527663643,0,0.4531955184264948,0.001956349315434136,0.6191051338922066,0,0,0.559834432534676,0,0,0,0,0.5368889039232618,0.5870364723138568,0,0,0.5229565504796213,0,0.4636987434156174,0.530573628829439,0.6836464549523397,0,0,0,0,0,0,0.3514843925824275,0,0.481145490970829,0.832088546482355,0,0,0,0.7085640403558129,0.5081957090898311,0.0515915155524073,0,0.1488788328755286,0.6751842786032244,0.9651919521625693,0.3079788352488808,0.1394237628150667,0,0.1780640466845858,0.7303494998834478,0,0,0.1651085702692459,0,0.8452705891325849,0.4410222196138299,0,0.8074415566783132,0,0.992174783071645,0.9232623945299291,0.6052590813897669,0,0.9639300575205257,0,0,0.697352079279965,0,0,0,0.0407834485487331,0,0.4236216248220522,0,0,0,0.8178041942037297,0,0,0.4331095854635107,0.8817366325362624,0,0.2729995948277232,0.456627730378727,0,0.4832832153602623,0.428968191851102,0,0,0,0.1275913666700523,0,0.2742943127902238,0,0
